part_id	sku	action	old_fact_id	old_method	old_value	old_raw	new_method	new_value	new_raw	resolution	why
2747	C1200-16P-2G	supersede	32718	hexcat_seed	{"max":50,"min":-5}	"-5 bis 50 °C"	vendor_page:cisco-datasheets	{"min":-5,"max":50}	"23° to 122°F (-5° to 50°C)"	per_model_reread	a seed that agrees is still a typed value (ruling 2)
2746	C1200-16T-2G	supersede	32698	hexcat_seed	{"max":50,"min":-5}	"-5 bis 50 °C"	vendor_page:cisco-datasheets	{"min":-5,"max":50}	"23° to 122°F (-5° to 50°C)"	per_model_reread	a seed that agrees is still a typed value (ruling 2)
2750	C1200-24FP-4G	supersede	32780	hexcat_seed	{"max":50,"min":-5}	"-5 bis 50 °C"	vendor_page:cisco-datasheets	{"min":-5,"max":50}	"23° to 122°F (-5° to 50°C)"	per_model_reread	a seed that agrees is still a typed value (ruling 2)
2755	C1200-24FP-4X	supersede	32883	hexcat_seed	{"max":50,"min":-5}	"-5 bis 50 °C"	vendor_page:cisco-datasheets	{"min":-5,"max":50}	"23° to 122°F (-5° to 50°C)"	per_model_reread	a seed that agrees is still a typed value (ruling 2)
2749	C1200-24P-4G	supersede	32759	hexcat_seed	{"max":50,"min":-5}	"-5 bis 50 °C"	vendor_page:cisco-datasheets	{"min":-5,"max":50}	"23° to 122°F (-5° to 50°C)"	per_model_reread	a seed that agrees is still a typed value (ruling 2)
2754	C1200-24P-4X	supersede	32862	hexcat_seed	{"max":50,"min":-5}	"-5 bis 50 °C"	vendor_page:cisco-datasheets	{"min":-5,"max":50}	"23° to 122°F (-5° to 50°C)"	per_model_reread	a seed that agrees is still a typed value (ruling 2)
2748	C1200-24T-4G	supersede	32739	hexcat_seed	{"max":50,"min":-5}	"-5 bis 50 °C"	vendor_page:cisco-datasheets	{"min":-5,"max":50}	"23° to 122°F (-5° to 50°C)"	per_model_reread	a seed that agrees is still a typed value (ruling 2)
2753	C1200-24T-4X	supersede	32842	hexcat_seed	{"max":50,"min":-5}	"-5 bis 50 °C"	vendor_page:cisco-datasheets	{"min":-5,"max":50}	"23° to 122°F (-5° to 50°C)"	per_model_reread	a seed that agrees is still a typed value (ruling 2)
2752	C1200-48P-4G	supersede	32821	hexcat_seed	{"max":50,"min":-5}	"-5 bis 50 °C"	vendor_page:cisco-datasheets	{"min":-5,"max":50}	"23° to 122°F (-5° to 50°C)"	per_model_reread	a seed that agrees is still a typed value (ruling 2)
2757	C1200-48P-4X	supersede	32924	hexcat_seed	{"max":50,"min":-5}	"-5 bis 50 °C"	vendor_page:cisco-datasheets	{"min":-5,"max":50}	"23° to 122°F (-5° to 50°C)"	per_model_reread	a seed that agrees is still a typed value (ruling 2)
2751	C1200-48T-4G	supersede	32801	hexcat_seed	{"max":50,"min":-5}	"-5 bis 50 °C"	vendor_page:cisco-datasheets	{"min":-5,"max":50}	"23° to 122°F (-5° to 50°C)"	per_model_reread	a seed that agrees is still a typed value (ruling 2)
2756	C1200-48T-4X	supersede	32904	hexcat_seed	{"max":50,"min":-5}	"-5 bis 50 °C"	vendor_page:cisco-datasheets	{"min":-5,"max":50}	"23° to 122°F (-5° to 50°C)"	per_model_reread	a seed that agrees is still a typed value (ruling 2)
2745	C1200-8FP-2G	supersede	32677	hexcat_seed	{"max":50,"min":-5}	"-5 bis 50 °C"	vendor_page:cisco-datasheets	{"min":-5,"max":50}	"23° to 122°F (-5° to 50°C)"	per_model_reread	a seed that agrees is still a typed value (ruling 2)
2744	C1200-8P-E-2G	supersede	32656	hexcat_seed	{"max":50,"min":-5}	"-5 bis 50 °C"	vendor_page:cisco-datasheets	{"min":-5,"max":50}	"23° to 122°F (-5° to 50°C)"	per_model_reread	a seed that agrees is still a typed value (ruling 2)
2742	C1200-8T-D	supersede	32615	hexcat_seed	{"max":50,"min":0}	"0 bis 50 °C"	vendor_page:cisco-datasheets	{"min":0,"max":50}	"32° to 122°F (0° to 50°C)"	per_model_reread	a seed that agrees is still a typed value (ruling 2)
2743	C1200-8T-E-2G	supersede	32636	hexcat_seed	{"max":50,"min":-5}	"-5 bis 50 °C"	vendor_page:cisco-datasheets	{"min":-5,"max":50}	"23° to 122°F (-5° to 50°C)"	per_model_reread	a seed that agrees is still a typed value (ruling 2)
2781	C1300-12XS	supersede	33421	hexcat_seed	{"max":50,"min":0}	"0 bis 50 °C"	derived:condition-intersection	{"min":0,"max":50}	"23° to 122°F (-5° to 50°C) … Minimum ambient temperature for cold start is 32°F (0°C )"	condition_intersection	a seed that agrees is still a typed value (ruling 2)
2780	C1300-12XT-2X	supersede	33400	hexcat_seed	{"max":50,"min":0}	"0 bis 50 °C"	derived:condition-intersection	{"min":0,"max":50}	"23° to 122°F (-5° to 50°C) … Minimum ambient temperature for cold start is 32°F (0°C )"	condition_intersection	a seed that agrees is still a typed value (ruling 2)
2763	C1300-16FP-2G	supersede	33048	hexcat_seed	{"max":50,"min":0}	"0 bis 50 °C"	derived:condition-intersection	{"min":0,"max":50}	"23° to 122°F (-5° to 50°C) … Minimum ambient temperature for cold start is 32°F (0°C )"	condition_intersection	a seed that agrees is still a typed value (ruling 2)
2762	C1300-16P-2G	supersede	33027	hexcat_seed	{"max":50,"min":0}	"0 bis 50 °C"	derived:condition-intersection	{"min":0,"max":50}	"23° to 122°F (-5° to 50°C) … Minimum ambient temperature for cold start is 32°F (0°C )"	condition_intersection	a seed that agrees is still a typed value (ruling 2)
2770	C1300-16P-4X	supersede	33193	hexcat_seed	{"max":50,"min":0}	"0 bis 50 °C"	derived:condition-intersection	{"min":0,"max":50}	"23° to 122°F (-5° to 50°C) … Minimum ambient temperature for cold start is 32°F (0°C )"	condition_intersection	a seed that agrees is still a typed value (ruling 2)
2761	C1300-16T-2G	supersede	33007	hexcat_seed	{"max":50,"min":0}	"0 bis 50 °C"	derived:condition-intersection	{"min":0,"max":50}	"23° to 122°F (-5° to 50°C) … Minimum ambient temperature for cold start is 32°F (0°C )"	condition_intersection	a seed that agrees is still a typed value (ruling 2)
2782	C1300-16XTS	supersede	33442	hexcat_seed	{"max":50,"min":0}	"0 bis 50 °C"	derived:condition-intersection	{"min":0,"max":50}	"23° to 122°F (-5° to 50°C) … Minimum ambient temperature for cold start is 32°F (0°C )"	condition_intersection	a seed that agrees is still a typed value (ruling 2)
2766	C1300-24FP-4G	supersede	33110	hexcat_seed	{"max":50,"min":0}	"0 bis 50 °C"	derived:condition-intersection	{"min":0,"max":50}	"23° to 122°F (-5° to 50°C) … Minimum ambient temperature for cold start is 32°F (0°C )"	condition_intersection	a seed that agrees is still a typed value (ruling 2)
2773	C1300-24FP-4X	supersede	33254	hexcat_seed	{"max":50,"min":0}	"0 bis 50 °C"	derived:condition-intersection	{"min":0,"max":50}	"23° to 122°F (-5° to 50°C) … Minimum ambient temperature for cold start is 32°F (0°C )"	condition_intersection	a seed that agrees is still a typed value (ruling 2)
2765	C1300-24P-4G	supersede	33089	hexcat_seed	{"max":50,"min":0}	"0 bis 50 °C"	derived:condition-intersection	{"min":0,"max":50}	"23° to 122°F (-5° to 50°C) … Minimum ambient temperature for cold start is 32°F (0°C )"	condition_intersection	a seed that agrees is still a typed value (ruling 2)
2772	C1300-24P-4X	supersede	33233	hexcat_seed	{"max":50,"min":0}	"0 bis 50 °C"	derived:condition-intersection	{"min":0,"max":50}	"23° to 122°F (-5° to 50°C) … Minimum ambient temperature for cold start is 32°F (0°C )"	condition_intersection	a seed that agrees is still a typed value (ruling 2)
2764	C1300-24T-4G	supersede	33069	hexcat_seed	{"max":50,"min":0}	"0 bis 50 °C"	derived:condition-intersection	{"min":0,"max":50}	"23° to 122°F (-5° to 50°C) … Minimum ambient temperature for cold start is 32°F (0°C )"	condition_intersection	a seed that agrees is still a typed value (ruling 2)
2771	C1300-24T-4X	supersede	33213	hexcat_seed	{"max":50,"min":0}	"0 bis 50 °C"	derived:condition-intersection	{"min":0,"max":50}	"23° to 122°F (-5° to 50°C) … Minimum ambient temperature for cold start is 32°F (0°C )"	condition_intersection	a seed that agrees is still a typed value (ruling 2)
2783	C1300-24XS	supersede	33463	hexcat_seed	{"max":50,"min":0}	"0 bis 50 °C"	derived:condition-intersection	{"min":0,"max":50}	"23° to 122°F (-5° to 50°C) … Minimum ambient temperature for cold start is 32°F (0°C )"	condition_intersection	a seed that agrees is still a typed value (ruling 2)
2784	C1300-24XT	supersede	33484	hexcat_seed	{"max":50,"min":0}	"0 bis 50 °C"	derived:condition-intersection	{"min":0,"max":50}	"23° to 122°F (-5° to 50°C) … Minimum ambient temperature for cold start is 32°F (0°C )"	condition_intersection	a seed that agrees is still a typed value (ruling 2)
2785	C1300-24XTS	supersede	33505	hexcat_seed	{"max":50,"min":0}	"0 bis 50 °C"	derived:condition-intersection	{"min":0,"max":50}	"23° to 122°F (-5° to 50°C) … Minimum ambient temperature for cold start is 32°F (0°C )"	condition_intersection	a seed that agrees is still a typed value (ruling 2)
2769	C1300-48FP-4G	supersede	33172	hexcat_seed	{"max":50,"min":0}	"0 bis 50 °C"	derived:condition-intersection	{"min":0,"max":50}	"23° to 122°F (-5° to 50°C) … Minimum ambient temperature for cold start is 32°F (0°C )"	condition_intersection	a seed that agrees is still a typed value (ruling 2)
2776	C1300-48FP-4X	supersede	33316	hexcat_seed	{"max":50,"min":0}	"0 bis 50 °C"	derived:condition-intersection	{"min":0,"max":50}	"23° to 122°F (-5° to 50°C) … Minimum ambient temperature for cold start is 32°F (0°C )"	condition_intersection	a seed that agrees is still a typed value (ruling 2)
2779	C1300-48MGP-4X	supersede	33379	hexcat_seed	{"max":50,"min":0}	"0 bis 50 °C"	derived:condition-intersection	{"min":0,"max":50}	"23° to 122°F (-5° to 50°C) … Minimum ambient temperature for cold start is 32°F (0°C )"	condition_intersection	a seed that agrees is still a typed value (ruling 2)
2768	C1300-48P-4G	supersede	33151	hexcat_seed	{"max":50,"min":0}	"0 bis 50 °C"	derived:condition-intersection	{"min":0,"max":50}	"23° to 122°F (-5° to 50°C) … Minimum ambient temperature for cold start is 32°F (0°C )"	condition_intersection	a seed that agrees is still a typed value (ruling 2)
2775	C1300-48P-4X	supersede	33295	hexcat_seed	{"max":50,"min":0}	"0 bis 50 °C"	derived:condition-intersection	{"min":0,"max":50}	"23° to 122°F (-5° to 50°C) … Minimum ambient temperature for cold start is 32°F (0°C )"	condition_intersection	a seed that agrees is still a typed value (ruling 2)
2767	C1300-48T-4G	supersede	33131	hexcat_seed	{"max":50,"min":0}	"0 bis 50 °C"	derived:condition-intersection	{"min":0,"max":50}	"23° to 122°F (-5° to 50°C) … Minimum ambient temperature for cold start is 32°F (0°C )"	condition_intersection	a seed that agrees is still a typed value (ruling 2)
2774	C1300-48T-4X	supersede	33275	hexcat_seed	{"max":50,"min":0}	"0 bis 50 °C"	derived:condition-intersection	{"min":0,"max":50}	"23° to 122°F (-5° to 50°C) … Minimum ambient temperature for cold start is 32°F (0°C )"	condition_intersection	a seed that agrees is still a typed value (ruling 2)
2760	C1300-8FP-2G	supersede	32986	hexcat_seed	{"max":50,"min":0}	"0 bis 50 °C"	derived:condition-intersection	{"min":0,"max":50}	"23° to 122°F (-5° to 50°C) … Minimum ambient temperature for cold start is 32°F (0°C )"	condition_intersection	a seed that agrees is still a typed value (ruling 2)
2777	C1300-8MGP-2X	supersede	33337	hexcat_seed	{"max":50,"min":0}	"0 bis 50 °C"	derived:condition-intersection	{"min":0,"max":50}	"23° to 122°F (-5° to 50°C) … Minimum ambient temperature for cold start is 32°F (0°C )"	condition_intersection	a seed that agrees is still a typed value (ruling 2)
2759	C1300-8P-E-2G	supersede	32965	hexcat_seed	{"max":50,"min":0}	"0 bis 50 °C"	derived:condition-intersection	{"min":0,"max":50}	"23° to 122°F (-5° to 50°C) … Minimum ambient temperature for cold start is 32°F (0°C )"	condition_intersection	a seed that agrees is still a typed value (ruling 2)
2758	C1300-8T-E-2G	supersede	32945	hexcat_seed	{"max":50,"min":0}	"0 bis 50 °C"	derived:condition-intersection	{"min":0,"max":50}	"23° to 122°F (-5° to 50°C) … Minimum ambient temperature for cold start is 32°F (0°C )"	condition_intersection	a seed that agrees is still a typed value (ruling 2)
5685	C1300X-10NU-2X	supersede	65891	html_table	{"max":50,"min":-5}	"23° to 122°F (-5° to 50°C) C1300-8T-E-2G, C1300-8P-E-2G, C1300-8FP-2G, C1300-16T-2G, C1300-16P-2G, C1300-16FP-2G, C1300-24T-4G, C1300-24P-4G, C1300-24FP-4G, C13"	derived:condition-intersection	{"min":0,"max":50}	"23° to 122°F (-5° to 50°C) … Minimum ambient temperature for cold start is 32°F (0°C )"	condition_intersection	inherited from the same cell, contradicted by its per-model read (ruling 1)
5684	C1300X-24MU-4X	supersede	65878	html_table	{"max":50,"min":-5}	"23° to 122°F (-5° to 50°C) C1300-8T-E-2G, C1300-8P-E-2G, C1300-8FP-2G, C1300-16T-2G, C1300-16P-2G, C1300-16FP-2G, C1300-24T-4G, C1300-24P-4G, C1300-24FP-4G, C13"	derived:condition-intersection	{"min":0,"max":50}	"23° to 122°F (-5° to 50°C) … Minimum ambient temperature for cold start is 32°F (0°C )"	condition_intersection	inherited from the same cell, contradicted by its per-model read (ruling 1)
5686	C1300X-24NGU-4X	supersede	65904	html_table	{"max":50,"min":-5}	"23° to 122°F (-5° to 50°C) C1300-8T-E-2G, C1300-8P-E-2G, C1300-8FP-2G, C1300-16T-2G, C1300-16P-2G, C1300-16FP-2G, C1300-24T-4G, C1300-24P-4G, C1300-24FP-4G, C13"	derived:condition-intersection	{"min":0,"max":50}	"23° to 122°F (-5° to 50°C) … Minimum ambient temperature for cold start is 32°F (0°C )"	condition_intersection	inherited from the same cell, contradicted by its per-model read (ruling 1)
5682	C1300X-24P-4X	supersede	65852	html_table	{"max":50,"min":-5}	"23° to 122°F (-5° to 50°C) C1300-8T-E-2G, C1300-8P-E-2G, C1300-8FP-2G, C1300-16T-2G, C1300-16P-2G, C1300-16FP-2G, C1300-24T-4G, C1300-24P-4G, C1300-24FP-4G, C13"	derived:condition-intersection	{"min":0,"max":50}	"23° to 122°F (-5° to 50°C) … Minimum ambient temperature for cold start is 32°F (0°C )"	condition_intersection	inherited from the same cell, contradicted by its per-model read (ruling 1)
5680	C1300X-24T-4X	supersede	65830	html_table	{"max":50,"min":-5}	"23° to 122°F (-5° to 50°C) C1300-8T-E-2G, C1300-8P-E-2G, C1300-8FP-2G, C1300-16T-2G, C1300-16P-2G, C1300-16FP-2G, C1300-24T-4G, C1300-24P-4G, C1300-24FP-4G, C13"	derived:condition-intersection	{"min":0,"max":50}	"23° to 122°F (-5° to 50°C) … Minimum ambient temperature for cold start is 32°F (0°C )"	condition_intersection	inherited from the same cell, contradicted by its per-model read (ruling 1)
5687	C1300X-48NGU-4X	supersede	65917	html_table	{"max":50,"min":-5}	"23° to 122°F (-5° to 50°C) C1300-8T-E-2G, C1300-8P-E-2G, C1300-8FP-2G, C1300-16T-2G, C1300-16P-2G, C1300-16FP-2G, C1300-24T-4G, C1300-24P-4G, C1300-24FP-4G, C13"	derived:condition-intersection	{"min":0,"max":50}	"23° to 122°F (-5° to 50°C) … Minimum ambient temperature for cold start is 32°F (0°C )"	condition_intersection	inherited from the same cell, contradicted by its per-model read (ruling 1)
5683	C1300X-48P-4X	supersede	65865	html_table	{"max":50,"min":-5}	"23° to 122°F (-5° to 50°C) C1300-8T-E-2G, C1300-8P-E-2G, C1300-8FP-2G, C1300-16T-2G, C1300-16P-2G, C1300-16FP-2G, C1300-24T-4G, C1300-24P-4G, C1300-24FP-4G, C13"	derived:condition-intersection	{"min":0,"max":50}	"23° to 122°F (-5° to 50°C) … Minimum ambient temperature for cold start is 32°F (0°C )"	condition_intersection	inherited from the same cell, contradicted by its per-model read (ruling 1)
5681	C1300X-48T-4X	supersede	65841	html_table	{"max":50,"min":-5}	"23° to 122°F (-5° to 50°C) C1300-8T-E-2G, C1300-8P-E-2G, C1300-8FP-2G, C1300-16T-2G, C1300-16P-2G, C1300-16FP-2G, C1300-24T-4G, C1300-24P-4G, C1300-24FP-4G, C13"	derived:condition-intersection	{"min":0,"max":50}	"23° to 122°F (-5° to 50°C) … Minimum ambient temperature for cold start is 32°F (0°C )"	condition_intersection	inherited from the same cell, contradicted by its per-model read (ruling 1)
24171	CBS250-16P-2G	supersede	82881	html_table	{"max":50,"min":0}	"32° to 122°F (0° to 50°C) for CBS250-8T-D and CBS250-8PP-D 23° to 122°F (-5° to 50°C) for other models"	vendor_page:cisco-datasheets	{"min":-5,"max":50}	"23° to 122°F (-5° to 50°C)"	per_model_reread	inherited from the same cell, contradicted by its per-model read (ruling 1)
24113	CBS250-16T-2G	supersede	82832	html_table	{"max":50,"min":0}	"32° to 122°F (0° to 50°C) for CBS250-8T-D and CBS250-8PP-D 23° to 122°F (-5° to 50°C) for other models"	vendor_page:cisco-datasheets	{"min":-5,"max":50}	"23° to 122°F (-5° to 50°C)"	per_model_reread	inherited from the same cell, contradicted by its per-model read (ruling 1)
24114	CBS250-24FP-4G	supersede	82840	html_table	{"max":50,"min":0}	"32° to 122°F (0° to 50°C) for CBS250-8T-D and CBS250-8PP-D 23° to 122°F (-5° to 50°C) for other models"	vendor_page:cisco-datasheets	{"min":-5,"max":50}	"23° to 122°F (-5° to 50°C)"	per_model_reread	inherited from the same cell, contradicted by its per-model read (ruling 1)
24210	CBS250-24FP-4X	supersede	82909	html_table	{"max":50,"min":0}	"32° to 122°F (0° to 50°C) for CBS250-8T-D and CBS250-8PP-D 23° to 122°F (-5° to 50°C) for other models"	vendor_page:cisco-datasheets	{"min":-5,"max":50}	"23° to 122°F (-5° to 50°C)"	per_model_reread	inherited from the same cell, contradicted by its per-model read (ruling 1)
23975	CBS250-24P-4G	supersede	82748	html_table	{"max":50,"min":0}	"32° to 122°F (0° to 50°C) for CBS250-8T-D and CBS250-8PP-D 23° to 122°F (-5° to 50°C) for other models"	vendor_page:cisco-datasheets	{"min":-5,"max":50}	"23° to 122°F (-5° to 50°C)"	per_model_reread	inherited from the same cell, contradicted by its per-model read (ruling 1)
24213	CBS250-24P-4X	supersede	82923	html_table	{"max":50,"min":0}	"32° to 122°F (0° to 50°C) for CBS250-8T-D and CBS250-8PP-D 23° to 122°F (-5° to 50°C) for other models"	vendor_page:cisco-datasheets	{"min":-5,"max":50}	"23° to 122°F (-5° to 50°C)"	per_model_reread	inherited from the same cell, contradicted by its per-model read (ruling 1)
24601	CBS250-24PP-4G	supersede	83704	html_table	{"max":50,"min":0}	"32° to 122°F (0° to 50°C) for CBS250-8T-D and CBS250-8PP-D 23° to 122°F (-5° to 50°C) for other models"	vendor_page:cisco-datasheets	{"min":-5,"max":50}	"23° to 122°F (-5° to 50°C)"	per_model_reread	inherited from the same cell, contradicted by its per-model read (ruling 1)
24669	CBS250-24T-4G	supersede	83872	html_table	{"max":50,"min":0}	"32° to 122°F (0° to 50°C) for CBS250-8T-D and CBS250-8PP-D 23° to 122°F (-5° to 50°C) for other models"	vendor_page:cisco-datasheets	{"min":-5,"max":50}	"23° to 122°F (-5° to 50°C)"	per_model_reread	inherited from the same cell, contradicted by its per-model read (ruling 1)
24374	CBS250-24T-4X	supersede	83189	html_table	{"max":50,"min":0}	"32° to 122°F (0° to 50°C) for CBS250-8T-D and CBS250-8PP-D 23° to 122°F (-5° to 50°C) for other models"	vendor_page:cisco-datasheets	{"min":-5,"max":50}	"23° to 122°F (-5° to 50°C)"	per_model_reread	inherited from the same cell, contradicted by its per-model read (ruling 1)
24376	CBS250-48P-4G	supersede	83198	html_table	{"max":50,"min":0}	"32° to 122°F (0° to 50°C) for CBS250-8T-D and CBS250-8PP-D 23° to 122°F (-5° to 50°C) for other models"	vendor_page:cisco-datasheets	{"min":-5,"max":50}	"23° to 122°F (-5° to 50°C)"	per_model_reread	inherited from the same cell, contradicted by its per-model read (ruling 1)
24604	CBS250-48P-4X	supersede	83718	html_table	{"max":50,"min":0}	"32° to 122°F (0° to 50°C) for CBS250-8T-D and CBS250-8PP-D 23° to 122°F (-5° to 50°C) for other models"	vendor_page:cisco-datasheets	{"min":-5,"max":50}	"23° to 122°F (-5° to 50°C)"	per_model_reread	inherited from the same cell, contradicted by its per-model read (ruling 1)
24523	CBS250-48PP-4G	supersede	83547	html_table	{"max":50,"min":0}	"32° to 122°F (0° to 50°C) for CBS250-8T-D and CBS250-8PP-D 23° to 122°F (-5° to 50°C) for other models"	vendor_page:cisco-datasheets	{"min":-5,"max":50}	"23° to 122°F (-5° to 50°C)"	per_model_reread	inherited from the same cell, contradicted by its per-model read (ruling 1)
24265	CBS250-48T-4G	supersede	82978	html_table	{"max":50,"min":0}	"32° to 122°F (0° to 50°C) for CBS250-8T-D and CBS250-8PP-D 23° to 122°F (-5° to 50°C) for other models"	vendor_page:cisco-datasheets	{"min":-5,"max":50}	"23° to 122°F (-5° to 50°C)"	per_model_reread	inherited from the same cell, contradicted by its per-model read (ruling 1)
24675	CBS250-48T-4X	supersede	83888	html_table	{"max":50,"min":0}	"32° to 122°F (0° to 50°C) for CBS250-8T-D and CBS250-8PP-D 23° to 122°F (-5° to 50°C) for other models"	vendor_page:cisco-datasheets	{"min":-5,"max":50}	"23° to 122°F (-5° to 50°C)"	per_model_reread	inherited from the same cell, contradicted by its per-model read (ruling 1)
24323	CBS250-8FP-E-2G	supersede	83084	html_table	{"max":50,"min":0}	"32° to 122°F (0° to 50°C) for CBS250-8T-D and CBS250-8PP-D 23° to 122°F (-5° to 50°C) for other models"	vendor_page:cisco-datasheets	{"min":-5,"max":50}	"23° to 122°F (-5° to 50°C)"	per_model_reread	inherited from the same cell, contradicted by its per-model read (ruling 1)
24502	CBS250-8P-E-2G	supersede	83476	html_table	{"max":50,"min":0}	"32° to 122°F (0° to 50°C) for CBS250-8T-D and CBS250-8PP-D 23° to 122°F (-5° to 50°C) for other models"	vendor_page:cisco-datasheets	{"min":-5,"max":50}	"23° to 122°F (-5° to 50°C)"	per_model_reread	inherited from the same cell, contradicted by its per-model read (ruling 1)
24326	CBS250-8PP-E-2G	supersede	83097	html_table	{"max":50,"min":0}	"32° to 122°F (0° to 50°C) for CBS250-8T-D and CBS250-8PP-D 23° to 122°F (-5° to 50°C) for other models"	vendor_page:cisco-datasheets	{"min":-5,"max":50}	"23° to 122°F (-5° to 50°C)"	per_model_reread	inherited from the same cell, contradicted by its per-model read (ruling 1)
24679	CBS250-8T-E-2G	supersede	83906	html_table	{"max":50,"min":0}	"32° to 122°F (0° to 50°C) for CBS250-8T-D and CBS250-8PP-D 23° to 122°F (-5° to 50°C) for other models"	vendor_page:cisco-datasheets	{"min":-5,"max":50}	"23° to 122°F (-5° to 50°C)"	per_model_reread	inherited from the same cell, contradicted by its per-model read (ruling 1)
24448	CBS350-12NP-4X	supersede	83365	html_table	{"max":50,"min":-5}	"23° to 122°F (-5° to 50°C) CBS350-8T-E-2G, CBS350-8P-2G, CBS350-8P-E-2G, CBS350-8FP-2G, CBS350-8FP-E-2G, CBS350-16T-2G, CBS350-16T-E-2G, CBS350-16P-2G, CBS350-1"	vendor_page:cisco-datasheets	{"min":0,"max":50}	"32° to 122°F (0° to 50°C)"	per_model_reread	inherited from the same cell, contradicted by its per-model read (ruling 1)
24580	CBS350-12XS	supersede	83661	html_table	{"max":50,"min":-5}	"23° to 122°F (-5° to 50°C) CBS350-8T-E-2G, CBS350-8P-2G, CBS350-8P-E-2G, CBS350-8FP-2G, CBS350-8FP-E-2G, CBS350-16T-2G, CBS350-16T-E-2G, CBS350-16P-2G, CBS350-1"	vendor_page:cisco-datasheets	{"min":0,"max":50}	"32° to 122°F (0° to 50°C)"	per_model_reread	inherited from the same cell, contradicted by its per-model read (ruling 1)
24449	CBS350-12XT	supersede	83375	html_table	{"max":50,"min":-5}	"23° to 122°F (-5° to 50°C) CBS350-8T-E-2G, CBS350-8P-2G, CBS350-8P-E-2G, CBS350-8FP-2G, CBS350-8FP-E-2G, CBS350-16T-2G, CBS350-16T-E-2G, CBS350-16P-2G, CBS350-1"	vendor_page:cisco-datasheets	{"min":0,"max":50}	"32° to 122°F (0° to 50°C)"	per_model_reread	inherited from the same cell, contradicted by its per-model read (ruling 1)
24422	CBS350-16XTS	supersede	83302	html_table	{"max":50,"min":-5}	"23° to 122°F (-5° to 50°C) CBS350-8T-E-2G, CBS350-8P-2G, CBS350-8P-E-2G, CBS350-8FP-2G, CBS350-8FP-E-2G, CBS350-16T-2G, CBS350-16T-E-2G, CBS350-16P-2G, CBS350-1"	vendor_page:cisco-datasheets	{"min":0,"max":50}	"32° to 122°F (0° to 50°C)"	per_model_reread	inherited from the same cell, contradicted by its per-model read (ruling 1)
24620	CBS350-24MGP-4X	supersede	83767	html_table	{"max":50,"min":-5}	"23° to 122°F (-5° to 50°C) CBS350-8T-E-2G, CBS350-8P-2G, CBS350-8P-E-2G, CBS350-8FP-2G, CBS350-8FP-E-2G, CBS350-16T-2G, CBS350-16T-E-2G, CBS350-16P-2G, CBS350-1"	vendor_page:cisco-datasheets	{"min":0,"max":50}	"32° to 122°F (0° to 50°C)"	per_model_reread	inherited from the same cell, contradicted by its per-model read (ruling 1)
24281	CBS350-24NGP-4X	supersede	83014	html_table	{"max":50,"min":-5}	"23° to 122°F (-5° to 50°C) CBS350-8T-E-2G, CBS350-8P-2G, CBS350-8P-E-2G, CBS350-8FP-2G, CBS350-8FP-E-2G, CBS350-16T-2G, CBS350-16T-E-2G, CBS350-16P-2G, CBS350-1"	vendor_page:cisco-datasheets	{"min":0,"max":50}	"32° to 122°F (0° to 50°C)"	per_model_reread	inherited from the same cell, contradicted by its per-model read (ruling 1)
24659	CBS350-24S-4G	supersede	83848	html_table	{"max":50,"min":-5}	"23° to 122°F (-5° to 50°C) CBS350-8T-E-2G, CBS350-8P-2G, CBS350-8P-E-2G, CBS350-8FP-2G, CBS350-8FP-E-2G, CBS350-16T-2G, CBS350-16T-E-2G, CBS350-16P-2G, CBS350-1"	vendor_page:cisco-datasheets	{"min":0,"max":50}	"32° to 122°F (0° to 50°C)"	per_model_reread	inherited from the same cell, contradicted by its per-model read (ruling 1)
24693	CBS350-24XS	supersede	83957	html_table	{"max":50,"min":-5}	"23° to 122°F (-5° to 50°C) CBS350-8T-E-2G, CBS350-8P-2G, CBS350-8P-E-2G, CBS350-8FP-2G, CBS350-8FP-E-2G, CBS350-16T-2G, CBS350-16T-E-2G, CBS350-16P-2G, CBS350-1"	vendor_page:cisco-datasheets	{"min":0,"max":50}	"32° to 122°F (0° to 50°C)"	per_model_reread	inherited from the same cell, contradicted by its per-model read (ruling 1)
24729	CBS350-24XT	supersede	84021	html_table	{"max":50,"min":-5}	"23° to 122°F (-5° to 50°C) CBS350-8T-E-2G, CBS350-8P-2G, CBS350-8P-E-2G, CBS350-8FP-2G, CBS350-8FP-E-2G, CBS350-16T-2G, CBS350-16T-E-2G, CBS350-16P-2G, CBS350-1"	vendor_page:cisco-datasheets	{"min":0,"max":50}	"32° to 122°F (0° to 50°C)"	per_model_reread	inherited from the same cell, contradicted by its per-model read (ruling 1)
24566	CBS350-24XTS	supersede	83627	html_table	{"max":50,"min":-5}	"23° to 122°F (-5° to 50°C) CBS350-8T-E-2G, CBS350-8P-2G, CBS350-8P-E-2G, CBS350-8FP-2G, CBS350-8FP-E-2G, CBS350-16T-2G, CBS350-16T-E-2G, CBS350-16P-2G, CBS350-1"	vendor_page:cisco-datasheets	{"min":0,"max":50}	"32° to 122°F (0° to 50°C)"	per_model_reread	inherited from the same cell, contradicted by its per-model read (ruling 1)
24518	CBS350-48NGP-4X	supersede	83522	html_table	{"max":50,"min":-5}	"23° to 122°F (-5° to 50°C) CBS350-8T-E-2G, CBS350-8P-2G, CBS350-8P-E-2G, CBS350-8FP-2G, CBS350-8FP-E-2G, CBS350-16T-2G, CBS350-16T-E-2G, CBS350-16P-2G, CBS350-1"	vendor_page:cisco-datasheets	{"min":0,"max":50}	"32° to 122°F (0° to 50°C)"	per_model_reread	inherited from the same cell, contradicted by its per-model read (ruling 1)
24903	CBS350-48XT-4X	supersede	84215	html_table	{"max":50,"min":-5}	"23° to 122°F (-5° to 50°C) CBS350-8T-E-2G, CBS350-8P-2G, CBS350-8P-E-2G, CBS350-8FP-2G, CBS350-8FP-E-2G, CBS350-16T-2G, CBS350-16T-E-2G, CBS350-16P-2G, CBS350-1"	vendor_page:cisco-datasheets	{"min":0,"max":50}	"32° to 122°F (0° to 50°C)"	per_model_reread	inherited from the same cell, contradicted by its per-model read (ruling 1)
24984	CBS350-8MGP-2X	supersede	84305	html_table	{"max":50,"min":-5}	"23° to 122°F (-5° to 50°C) CBS350-8T-E-2G, CBS350-8P-2G, CBS350-8P-E-2G, CBS350-8FP-2G, CBS350-8FP-E-2G, CBS350-16T-2G, CBS350-16T-E-2G, CBS350-16P-2G, CBS350-1"	vendor_page:cisco-datasheets	{"min":0,"max":45}	"32° to 113°F (0° to 45°C)"	per_model_reread	inherited from the same cell, contradicted by its per-model read (ruling 1)
25169	CBS350-8MP-2X	supersede	84516	html_table	{"max":50,"min":-5}	"23° to 122°F (-5° to 50°C) CBS350-8T-E-2G, CBS350-8P-2G, CBS350-8P-E-2G, CBS350-8FP-2G, CBS350-8FP-E-2G, CBS350-16T-2G, CBS350-16T-E-2G, CBS350-16P-2G, CBS350-1"	vendor_page:cisco-datasheets	{"min":0,"max":45}	"32° to 113°F (0° to 45°C)"	per_model_reread	inherited from the same cell, contradicted by its per-model read (ruling 1)
25082	CBS350-8S-E-2G	supersede	84416	html_table	{"max":50,"min":-5}	"23° to 122°F (-5° to 50°C) CBS350-8T-E-2G, CBS350-8P-2G, CBS350-8P-E-2G, CBS350-8FP-2G, CBS350-8FP-E-2G, CBS350-16T-2G, CBS350-16T-E-2G, CBS350-16P-2G, CBS350-1"	vendor_page:cisco-datasheets	{"min":0,"max":50}	"32° to 122°F (0° to 50°C)"	per_model_reread	inherited from the same cell, contradicted by its per-model read (ruling 1)
24940	CBS350-8XT	supersede	84268	html_table	{"max":50,"min":-5}	"23° to 122°F (-5° to 50°C) CBS350-8T-E-2G, CBS350-8P-2G, CBS350-8P-E-2G, CBS350-8FP-2G, CBS350-8FP-E-2G, CBS350-16T-2G, CBS350-16T-E-2G, CBS350-16P-2G, CBS350-1"	vendor_page:cisco-datasheets	{"min":0,"max":50}	"32° to 122°F (0° to 50°C)"	per_model_reread	inherited from the same cell, contradicted by its per-model read (ruling 1)
3924	IE-3200-8P2S-E	supersede	49723	hexcat_seed	{"max":75,"min":-40}	"-40 bis 75 °C"	derived:condition-intersection	{"min":-40,"max":60}	"Operating temperature: -40°C to +70°C (40 LFM vented enclosure) -40°C to +60°C (sealed enclosure) -40°C to +75°C (Min. 200 LFM fan or blower-equipped enclosure) +85°C (type tested for 16 hours) Altitude: Up to 15,000 feet"	condition_intersection	the sheet's own full statement outranks the seed (ruling 2)
3923	IE-3200-8T2S-E	supersede	49700	hexcat_seed	{"max":75,"min":-40}	"-40 bis 75 °C"	derived:condition-intersection	{"min":-40,"max":60}	"Operating temperature: -40°C to +70°C (40 LFM vented enclosure) -40°C to +60°C (sealed enclosure) -40°C to +75°C (Min. 200 LFM fan or blower-equipped enclosure) +85°C (type tested for 16 hours) Altitude: Up to 15,000 feet"	condition_intersection	the sheet's own full statement outranks the seed (ruling 2)
3928	IE-3300-8P2S-A	supersede	49815	hexcat_seed	{"max":75,"min":-40}	"-40 bis 75 °C"	derived:condition-intersection	{"min":-40,"max":60}	"Operating temperature: -40°C to +70°C (40 LFM vented enclosure) -40°C to +60°C (sealed enclosure) -40°C to +75°C (Min. 200 LFM fan or blower-equipped enclosure) +85°C (type tested for 16 hours) Altitude: up to 15,000 feet"	condition_intersection	the sheet's own full statement outranks the seed (ruling 2)
3927	IE-3300-8P2S-E	supersede	49792	hexcat_seed	{"max":75,"min":-40}	"-40 bis 75 °C"	derived:condition-intersection	{"min":-40,"max":60}	"Operating temperature: -40°C to +70°C (40 LFM vented enclosure) -40°C to +60°C (sealed enclosure) -40°C to +75°C (Min. 200 LFM fan or blower-equipped enclosure) +85°C (type tested for 16 hours) Altitude: up to 15,000 feet"	condition_intersection	the sheet's own full statement outranks the seed (ruling 2)
3926	IE-3300-8T2S-A	supersede	49769	hexcat_seed	{"max":75,"min":-40}	"-40 bis 75 °C"	derived:condition-intersection	{"min":-40,"max":60}	"Operating temperature: -40°C to +70°C (40 LFM vented enclosure) -40°C to +60°C (sealed enclosure) -40°C to +75°C (Min. 200 LFM fan or blower-equipped enclosure) +85°C (type tested for 16 hours) Altitude: up to 15,000 feet"	condition_intersection	the sheet's own full statement outranks the seed (ruling 2)
3925	IE-3300-8T2S-E	supersede	49746	hexcat_seed	{"max":75,"min":-40}	"-40 bis 75 °C"	derived:condition-intersection	{"min":-40,"max":60}	"Operating temperature: -40°C to +70°C (40 LFM vented enclosure) -40°C to +60°C (sealed enclosure) -40°C to +75°C (Min. 200 LFM fan or blower-equipped enclosure) +85°C (type tested for 16 hours) Altitude: up to 15,000 feet"	condition_intersection	the sheet's own full statement outranks the seed (ruling 2)
3930	IE-3300-8T2X-A	supersede	49861	hexcat_seed	{"max":75,"min":-40}	"-40 bis 75 °C"	derived:condition-intersection	{"min":-40,"max":60}	"Operating temperature: -40°C to +70°C (40 LFM vented enclosure) -40°C to +60°C (sealed enclosure) -40°C to +75°C (Min. 200 LFM fan or blower-equipped enclosure) +85°C (type tested for 16 hours) Altitude: up to 15,000 feet"	condition_intersection	the sheet's own full statement outranks the seed (ruling 2)
3929	IE-3300-8T2X-E	supersede	49838	hexcat_seed	{"max":75,"min":-40}	"-40 bis 75 °C"	derived:condition-intersection	{"min":-40,"max":60}	"Operating temperature: -40°C to +70°C (40 LFM vented enclosure) -40°C to +60°C (sealed enclosure) -40°C to +75°C (Min. 200 LFM fan or blower-equipped enclosure) +85°C (type tested for 16 hours) Altitude: up to 15,000 feet"	condition_intersection	the sheet's own full statement outranks the seed (ruling 2)
3932	IE-3300-8U2X-A	supersede	49907	hexcat_seed	{"max":75,"min":-40}	"-40 bis 75 °C"	derived:condition-intersection	{"min":-40,"max":60}	"Operating temperature: -40°C to +70°C (40 LFM vented enclosure) -40°C to +60°C (sealed enclosure) -40°C to +75°C (Min. 200 LFM fan or blower-equipped enclosure) +85°C (type tested for 16 hours) Altitude: up to 15,000 feet"	condition_intersection	the sheet's own full statement outranks the seed (ruling 2)
3931	IE-3300-8U2X-E	supersede	49884	hexcat_seed	{"max":75,"min":-40}	"-40 bis 75 °C"	derived:condition-intersection	{"min":-40,"max":60}	"Operating temperature: -40°C to +70°C (40 LFM vented enclosure) -40°C to +60°C (sealed enclosure) -40°C to +75°C (Min. 200 LFM fan or blower-equipped enclosure) +85°C (type tested for 16 hours) Altitude: up to 15,000 feet"	condition_intersection	the sheet's own full statement outranks the seed (ruling 2)
3948	IE-3400-8P2S-A	supersede	50236	hexcat_seed	{"max":75,"min":-40}	"-40 bis 75 °C"	derived:condition-intersection	{"min":-40,"max":60}	"Operating temperature: -40°C to +70°C (40 LFM vented enclosure) -40°C to +60°C (sealed enclosure) -40°C to +75°C (Min. 200 LFM fan or blower-equipped enclosure) +85°C (type tested for 16 hours) Altitude: up to 15,000 feet"	condition_intersection	the sheet's own full statement outranks the seed (ruling 2)
3947	IE-3400-8P2S-E	supersede	50210	hexcat_seed	{"max":75,"min":-40}	"-40 bis 75 °C"	derived:condition-intersection	{"min":-40,"max":60}	"Operating temperature: -40°C to +70°C (40 LFM vented enclosure) -40°C to +60°C (sealed enclosure) -40°C to +75°C (Min. 200 LFM fan or blower-equipped enclosure) +85°C (type tested for 16 hours) Altitude: up to 15,000 feet"	condition_intersection	the sheet's own full statement outranks the seed (ruling 2)
3946	IE-3400-8T2S-A	supersede	50184	hexcat_seed	{"max":75,"min":-40}	"-40 bis 75 °C"	derived:condition-intersection	{"min":-40,"max":60}	"Operating temperature: -40°C to +70°C (40 LFM vented enclosure) -40°C to +60°C (sealed enclosure) -40°C to +75°C (Min. 200 LFM fan or blower-equipped enclosure) +85°C (type tested for 16 hours) Altitude: up to 15,000 feet"	condition_intersection	the sheet's own full statement outranks the seed (ruling 2)
3945	IE-3400-8T2S-E	supersede	50158	hexcat_seed	{"max":75,"min":-40}	"-40 bis 75 °C"	derived:condition-intersection	{"min":-40,"max":60}	"Operating temperature: -40°C to +70°C (40 LFM vented enclosure) -40°C to +60°C (sealed enclosure) -40°C to +75°C (Min. 200 LFM fan or blower-equipped enclosure) +85°C (type tested for 16 hours) Altitude: up to 15,000 feet"	condition_intersection	the sheet's own full statement outranks the seed (ruling 2)
3968	IE-3500-8P3S-A	supersede	50624	hexcat_seed	{"max":75,"min":-40}	"-40 bis 75 °C"	derived:condition-intersection	{"min":-40,"max":60}	"Operating temperature: -40°C to +70°C (40 LFM vented enclosure) -40°C to +60°C (sealed enclosure) -40°C to +75°C (Min. 200 LFM fan or blower-equipped enclosure) +85°C (type tested for 16 hours) Altitude: up to 15,000 feet, no derating Altitude: up to 40,000 feet, 25°C Max"	condition_intersection	the sheet's own full statement outranks the seed (ruling 2)
3967	IE-3500-8P3S-E	supersede	50600	hexcat_seed	{"max":75,"min":-40}	"-40 bis 75 °C"	derived:condition-intersection	{"min":-40,"max":60}	"Operating temperature: -40°C to +70°C (40 LFM vented enclosure) -40°C to +60°C (sealed enclosure) -40°C to +75°C (Min. 200 LFM fan or blower-equipped enclosure) +85°C (type tested for 16 hours) Altitude: up to 15,000 feet, no derating Altitude: up to 40,000 feet, 25°C Max"	condition_intersection	the sheet's own full statement outranks the seed (ruling 2)
3966	IE-3500-8T3S-A	supersede	50576	hexcat_seed	{"max":75,"min":-40}	"-40 bis 75 °C"	derived:condition-intersection	{"min":-40,"max":60}	"Operating temperature: -40°C to +70°C (40 LFM vented enclosure) -40°C to +60°C (sealed enclosure) -40°C to +75°C (Min. 200 LFM fan or blower-equipped enclosure) +85°C (type tested for 16 hours) Altitude: up to 15,000 feet, no derating Altitude: up to 40,000 feet, 25°C Max"	condition_intersection	the sheet's own full statement outranks the seed (ruling 2)
3965	IE-3500-8T3S-E	supersede	50552	hexcat_seed	{"max":75,"min":-40}	"-40 bis 75 °C"	derived:condition-intersection	{"min":-40,"max":60}	"Operating temperature: -40°C to +70°C (40 LFM vented enclosure) -40°C to +60°C (sealed enclosure) -40°C to +75°C (Min. 200 LFM fan or blower-equipped enclosure) +85°C (type tested for 16 hours) Altitude: up to 15,000 feet, no derating Altitude: up to 40,000 feet, 25°C Max"	condition_intersection	the sheet's own full statement outranks the seed (ruling 2)
3974	IE-3500-8T3X-A	supersede	50768	hexcat_seed	{"max":75,"min":-40}	"-40 bis 75 °C"	derived:condition-intersection	{"min":-40,"max":60}	"Operating temperature: -40°C to +70°C (40 LFM vented enclosure) -40°C to +60°C (sealed enclosure) -40°C to +75°C (Min. 200 LFM fan or blower-equipped enclosure) +85°C (type tested for 16 hours) Altitude: up to 15,000 feet, no derating Altitude: up to 40,000 feet, 25°C Max"	condition_intersection	the sheet's own full statement outranks the seed (ruling 2)
3973	IE-3500-8T3X-E	supersede	50744	hexcat_seed	{"max":75,"min":-40}	"-40 bis 75 °C"	derived:condition-intersection	{"min":-40,"max":60}	"Operating temperature: -40°C to +70°C (40 LFM vented enclosure) -40°C to +60°C (sealed enclosure) -40°C to +75°C (Min. 200 LFM fan or blower-equipped enclosure) +85°C (type tested for 16 hours) Altitude: up to 15,000 feet, no derating Altitude: up to 40,000 feet, 25°C Max"	condition_intersection	the sheet's own full statement outranks the seed (ruling 2)
3976	IE-3500-8U3X-A	supersede	50816	hexcat_seed	{"max":75,"min":-40}	"-40 bis 75 °C"	derived:condition-intersection	{"min":-40,"max":60}	"Operating temperature: -40°C to +70°C (40 LFM vented enclosure) -40°C to +60°C (sealed enclosure) -40°C to +75°C (Min. 200 LFM fan or blower-equipped enclosure) +85°C (type tested for 16 hours) Altitude: up to 15,000 feet, no derating Altitude: up to 40,000 feet, 25°C Max"	condition_intersection	the sheet's own full statement outranks the seed (ruling 2)
3975	IE-3500-8U3X-E	supersede	50792	hexcat_seed	{"max":75,"min":-40}	"-40 bis 75 °C"	derived:condition-intersection	{"min":-40,"max":60}	"Operating temperature: -40°C to +70°C (40 LFM vented enclosure) -40°C to +60°C (sealed enclosure) -40°C to +75°C (Min. 200 LFM fan or blower-equipped enclosure) +85°C (type tested for 16 hours) Altitude: up to 15,000 feet, no derating Altitude: up to 40,000 feet, 25°C Max"	condition_intersection	the sheet's own full statement outranks the seed (ruling 2)
3972	IE-3505-8P3S-A	supersede	50720	hexcat_seed	{"max":75,"min":-40}	"-40 bis 75 °C"	derived:condition-intersection	{"min":-40,"max":60}	"Operating temperature: -40°C to +70°C (40 LFM vented enclosure) -40°C to +60°C (sealed enclosure) -40°C to +75°C (Min. 200 LFM fan or blower-equipped enclosure) +85°C (type tested for 16 hours) Altitude: up to 15,000 feet, no derating Altitude: up to 40,000 feet, 25°C Max"	condition_intersection	the sheet's own full statement outranks the seed (ruling 2)
3971	IE-3505-8P3S-E	supersede	50696	hexcat_seed	{"max":75,"min":-40}	"-40 bis 75 °C"	derived:condition-intersection	{"min":-40,"max":60}	"Operating temperature: -40°C to +70°C (40 LFM vented enclosure) -40°C to +60°C (sealed enclosure) -40°C to +75°C (Min. 200 LFM fan or blower-equipped enclosure) +85°C (type tested for 16 hours) Altitude: up to 15,000 feet, no derating Altitude: up to 40,000 feet, 25°C Max"	condition_intersection	the sheet's own full statement outranks the seed (ruling 2)
3970	IE-3505-8T3S-A	supersede	50672	hexcat_seed	{"max":75,"min":-40}	"-40 bis 75 °C"	derived:condition-intersection	{"min":-40,"max":60}	"Operating temperature: -40°C to +70°C (40 LFM vented enclosure) -40°C to +60°C (sealed enclosure) -40°C to +75°C (Min. 200 LFM fan or blower-equipped enclosure) +85°C (type tested for 16 hours) Altitude: up to 15,000 feet, no derating Altitude: up to 40,000 feet, 25°C Max"	condition_intersection	the sheet's own full statement outranks the seed (ruling 2)
3969	IE-3505-8T3S-E	supersede	50648	hexcat_seed	{"max":75,"min":-40}	"-40 bis 75 °C"	derived:condition-intersection	{"min":-40,"max":60}	"Operating temperature: -40°C to +70°C (40 LFM vented enclosure) -40°C to +60°C (sealed enclosure) -40°C to +75°C (Min. 200 LFM fan or blower-equipped enclosure) +85°C (type tested for 16 hours) Altitude: up to 15,000 feet, no derating Altitude: up to 40,000 feet, 25°C Max"	condition_intersection	the sheet's own full statement outranks the seed (ruling 2)
2911	SF350-08	supersede	35486	hexcat_seed	{"max":50,"min":0}	"0 bis 50 °C"	vendor_page:cisco-datasheets	{"min":0,"max":50}	"32° to 122°F (0° to 50°C)"	per_model_reread	a seed that agrees is still a typed value (ruling 2)
2915	SF350-24	supersede	35560	hexcat_seed	{"max":50,"min":0}	"0 bis 50 °C"	vendor_page:cisco-datasheets	{"min":0,"max":50}	"32° to 122°F (0° to 50°C)"	per_model_reread	a seed that agrees is still a typed value (ruling 2)
2917	SF350-24MP	supersede	35597	hexcat_seed	{"max":50,"min":0}	"0 bis 50 °C"	vendor_page:cisco-datasheets	{"min":0,"max":50}	"32° to 122°F (0° to 50°C)"	per_model_reread	a seed that agrees is still a typed value (ruling 2)
2916	SF350-24P	supersede	35578	hexcat_seed	{"max":50,"min":0}	"0 bis 50 °C"	vendor_page:cisco-datasheets	{"min":0,"max":50}	"32° to 122°F (0° to 50°C)"	per_model_reread	a seed that agrees is still a typed value (ruling 2)
2918	SF350-48	supersede	35616	hexcat_seed	{"max":50,"min":0}	"0 bis 50 °C"	vendor_page:cisco-datasheets	{"min":0,"max":50}	"32° to 122°F (0° to 50°C)"	per_model_reread	a seed that agrees is still a typed value (ruling 2)
2920	SF350-48MP	supersede	35653	hexcat_seed	{"max":50,"min":0}	"0 bis 50 °C"	vendor_page:cisco-datasheets	{"min":0,"max":50}	"32° to 122°F (0° to 50°C)"	per_model_reread	a seed that agrees is still a typed value (ruling 2)
2919	SF350-48P	supersede	35634	hexcat_seed	{"max":50,"min":0}	"0 bis 50 °C"	vendor_page:cisco-datasheets	{"min":0,"max":50}	"32° to 122°F (0° to 50°C)"	per_model_reread	a seed that agrees is still a typed value (ruling 2)
2912	SF352-08	supersede	35504	hexcat_seed	{"max":50,"min":0}	"0 bis 50 °C"	vendor_page:cisco-datasheets	{"min":0,"max":50}	"32° to 122°F (0° to 50°C)"	per_model_reread	a seed that agrees is still a typed value (ruling 2)
2914	SF352-08MP	supersede	35541	hexcat_seed	{"max":50,"min":0}	"0 bis 50 °C"	vendor_page:cisco-datasheets	{"min":0,"max":50}	"32° to 122°F (0° to 50°C)"	per_model_reread	a seed that agrees is still a typed value (ruling 2)
2913	SF352-08P	supersede	35522	hexcat_seed	{"max":50,"min":0}	"0 bis 50 °C"	vendor_page:cisco-datasheets	{"min":0,"max":50}	"32° to 122°F (0° to 50°C)"	per_model_reread	a seed that agrees is still a typed value (ruling 2)
2922	SG350-10	supersede	35691	hexcat_seed	{"max":50,"min":0}	"0 bis 50 °C"	vendor_page:cisco-datasheets	{"min":0,"max":50}	"32° to 122°F (0° to 50°C)"	per_model_reread	a seed that agrees is still a typed value (ruling 2)
2924	SG350-10MP	supersede	35728	hexcat_seed	{"max":50,"min":0}	"0 bis 50 °C"	vendor_page:cisco-datasheets	{"min":0,"max":50}	"32° to 122°F (0° to 50°C)"	per_model_reread	a seed that agrees is still a typed value (ruling 2)
2923	SG350-10P	supersede	35709	hexcat_seed	{"max":50,"min":0}	"0 bis 50 °C"	vendor_page:cisco-datasheets	{"min":0,"max":50}	"32° to 122°F (0° to 50°C)"	per_model_reread	a seed that agrees is still a typed value (ruling 2)
2926	SG350-10SFP	supersede	35766	hexcat_seed	{"max":50,"min":0}	"0 bis 50 °C"	vendor_page:cisco-datasheets	{"min":0,"max":50}	"32° to 122°F (0° to 50°C)"	per_model_reread	a seed that agrees is still a typed value (ruling 2)
2927	SG350-20	supersede	35785	hexcat_seed	{"max":50,"min":0}	"0 bis 50 °C"	vendor_page:cisco-datasheets	{"min":0,"max":50}	"32° to 122°F (0° to 50°C)"	per_model_reread	a seed that agrees is still a typed value (ruling 2)
2928	SG350-28	supersede	35803	hexcat_seed	{"max":50,"min":0}	"0 bis 50 °C"	vendor_page:cisco-datasheets	{"min":0,"max":50}	"32° to 122°F (0° to 50°C)"	per_model_reread	a seed that agrees is still a typed value (ruling 2)
2930	SG350-28MP	supersede	35840	hexcat_seed	{"max":50,"min":0}	"0 bis 50 °C"	vendor_page:cisco-datasheets	{"min":0,"max":50}	"32° to 122°F (0° to 50°C)"	per_model_reread	a seed that agrees is still a typed value (ruling 2)
2929	SG350-28P	supersede	35821	hexcat_seed	{"max":50,"min":0}	"0 bis 50 °C"	vendor_page:cisco-datasheets	{"min":0,"max":50}	"32° to 122°F (0° to 50°C)"	per_model_reread	a seed that agrees is still a typed value (ruling 2)
2931	SG350-28SFP	supersede	35859	hexcat_seed	{"max":50,"min":0}	"0 bis 50 °C"	vendor_page:cisco-datasheets	{"min":0,"max":50}	"32° to 122°F (0° to 50°C)"	per_model_reread	a seed that agrees is still a typed value (ruling 2)
2932	SG350-52	supersede	35878	hexcat_seed	{"max":50,"min":0}	"0 bis 50 °C"	vendor_page:cisco-datasheets	{"min":0,"max":50}	"32° to 122°F (0° to 50°C)"	per_model_reread	a seed that agrees is still a typed value (ruling 2)
2934	SG350-52MP	supersede	35915	hexcat_seed	{"max":50,"min":0}	"0 bis 50 °C"	vendor_page:cisco-datasheets	{"min":0,"max":50}	"32° to 122°F (0° to 50°C)"	per_model_reread	a seed that agrees is still a typed value (ruling 2)
2933	SG350-52P	supersede	35896	hexcat_seed	{"max":50,"min":0}	"0 bis 50 °C"	vendor_page:cisco-datasheets	{"min":0,"max":50}	"32° to 122°F (0° to 50°C)"	per_model_reread	a seed that agrees is still a typed value (ruling 2)
2892	SG350X-12PMV	supersede	35070	hexcat_seed	{"max":50,"min":0}	"0 bis 50 °C"	vendor_page:cisco-datasheets	{"min":0,"max":50}	"32° to 122°F (0° to 50°C)"	per_model_reread	a seed that agrees is still a typed value (ruling 2)
2893	SG350X-24	supersede	35092	hexcat_seed	{"max":50,"min":0}	"0 bis 50 °C"	vendor_page:cisco-datasheets	{"min":0,"max":50}	"32° to 122°F (0° to 50°C)"	per_model_reread	a seed that agrees is still a typed value (ruling 2)
2895	SG350X-24MP	supersede	35135	hexcat_seed	{"max":50,"min":0}	"0 bis 50 °C"	vendor_page:cisco-datasheets	{"min":0,"max":50}	"32° to 122°F (0° to 50°C)"	per_model_reread	a seed that agrees is still a typed value (ruling 2)
2894	SG350X-24P	supersede	35113	hexcat_seed	{"max":50,"min":0}	"0 bis 50 °C"	vendor_page:cisco-datasheets	{"min":0,"max":50}	"32° to 122°F (0° to 50°C)"	per_model_reread	a seed that agrees is still a typed value (ruling 2)
2896	SG350X-24PD	supersede	35157	hexcat_seed	{"max":50,"min":0}	"0 bis 50 °C"	vendor_page:cisco-datasheets	{"min":0,"max":50}	"32° to 122°F (0° to 50°C)"	per_model_reread	a seed that agrees is still a typed value (ruling 2)
2897	SG350X-24PV	supersede	35179	hexcat_seed	{"max":50,"min":0}	"0 bis 50 °C"	vendor_page:cisco-datasheets	{"min":0,"max":50}	"32° to 122°F (0° to 50°C)"	per_model_reread	a seed that agrees is still a typed value (ruling 2)
2898	SG350X-48	supersede	35201	hexcat_seed	{"max":50,"min":0}	"0 bis 50 °C"	vendor_page:cisco-datasheets	{"min":0,"max":50}	"32° to 122°F (0° to 50°C)"	per_model_reread	a seed that agrees is still a typed value (ruling 2)
2900	SG350X-48MP	supersede	35244	hexcat_seed	{"max":50,"min":0}	"0 bis 50 °C"	vendor_page:cisco-datasheets	{"min":0,"max":50}	"32° to 122°F (0° to 50°C)"	per_model_reread	a seed that agrees is still a typed value (ruling 2)
2899	SG350X-48P	supersede	35222	hexcat_seed	{"max":50,"min":0}	"0 bis 50 °C"	vendor_page:cisco-datasheets	{"min":0,"max":50}	"32° to 122°F (0° to 50°C)"	per_model_reread	a seed that agrees is still a typed value (ruling 2)
2901	SG350X-48PV	supersede	35266	hexcat_seed	{"max":50,"min":0}	"0 bis 50 °C"	vendor_page:cisco-datasheets	{"min":0,"max":50}	"32° to 122°F (0° to 50°C)"	per_model_reread	a seed that agrees is still a typed value (ruling 2)
2891	SG350X-8PMD	supersede	35048	hexcat_seed	{"max":45,"min":0}	"0 bis 45 °C"	vendor_page:cisco-datasheets	{"min":0,"max":45}	"32° to 113°F (0° to 45°C)"	per_model_reread	a seed that agrees is still a typed value (ruling 2)
2903	SG350XG-24F	supersede	35310	hexcat_seed	{"max":50,"min":0}	"0 bis 50 °C"	vendor_page:cisco-datasheets	{"min":0,"max":50}	"32° to 122°F (0° to 50°C)"	per_model_reread	a seed that agrees is still a typed value (ruling 2)
2904	SG350XG-24T	supersede	35332	hexcat_seed	{"max":50,"min":0}	"0 bis 50 °C"	vendor_page:cisco-datasheets	{"min":0,"max":50}	"32° to 122°F (0° to 50°C)"	per_model_reread	a seed that agrees is still a typed value (ruling 2)
2902	SG350XG-2F10	supersede	35288	hexcat_seed	{"max":50,"min":0}	"0 bis 50 °C"	vendor_page:cisco-datasheets	{"min":0,"max":50}	"32° to 122°F (0° to 50°C)"	per_model_reread	a seed that agrees is still a typed value (ruling 2)
2905	SG350XG-48T	supersede	35354	hexcat_seed	{"max":50,"min":0}	"0 bis 50 °C"	vendor_page:cisco-datasheets	{"min":0,"max":50}	"32° to 122°F (0° to 50°C)"	per_model_reread	a seed that agrees is still a typed value (ruling 2)
2925	SG355-10P	supersede	35747	hexcat_seed	{"max":50,"min":0}	"0 bis 50 °C"	vendor_page:cisco-datasheets	{"min":0,"max":50}	"32° to 122°F (0° to 50°C)"	per_model_reread	a seed that agrees is still a typed value (ruling 2)
2906	SX350X-08	supersede	35376	hexcat_seed	{"max":50,"min":0}	"0 bis 50 °C"	vendor_page:cisco-datasheets	{"min":0,"max":50}	"32° to 122°F (0° to 50°C)"	per_model_reread	a seed that agrees is still a typed value (ruling 2)
2907	SX350X-12	supersede	35398	hexcat_seed	{"max":50,"min":0}	"0 bis 50 °C"	vendor_page:cisco-datasheets	{"min":0,"max":50}	"32° to 122°F (0° to 50°C)"	per_model_reread	a seed that agrees is still a typed value (ruling 2)
2909	SX350X-24	supersede	35442	hexcat_seed	{"max":50,"min":0}	"0 bis 50 °C"	vendor_page:cisco-datasheets	{"min":0,"max":50}	"32° to 122°F (0° to 50°C)"	per_model_reread	a seed that agrees is still a typed value (ruling 2)
2908	SX350X-24F	supersede	35420	hexcat_seed	{"max":50,"min":0}	"0 bis 50 °C"	vendor_page:cisco-datasheets	{"min":0,"max":50}	"32° to 122°F (0° to 50°C)"	per_model_reread	a seed that agrees is still a typed value (ruling 2)
2910	SX350X-52	supersede	35464	hexcat_seed	{"max":50,"min":0}	"0 bis 50 °C"	vendor_page:cisco-datasheets	{"min":0,"max":50}	"32° to 122°F (0° to 50°C)"	per_model_reread	a seed that agrees is still a typed value (ruling 2)
