sku	category	kind	out_fields	reasons_after
4PT-KIT-T1=	switches	mechanical	ieee_standards,temp_storage,temp_operating,humidity_storage,altitude_max,certifications	attributes:none,faq<3
4PT-KIT-T2=	switches	mechanical	humidity_storage,temp_operating,certifications,temp_storage,ieee_standards,altitude_max	attributes:none,faq<3
C3850-ACC-KIT=	switches	mechanical	humidity_storage,temp_operating,temp_storage,ieee_standards,altitude_max,certifications	attributes:none,faq<3
C3850-RAC-KIT=	switches	mechanical	humidity_storage,ieee_standards,temp_operating,temp_storage,altitude_max,certifications	attributes:none,faq<3
C3KX-4PT-KIT=	switches	mechanical	temp_operating,humidity_operating,altitude_storage,temp_storage	attributes:none,faq<3
C3KX-ACC-KIT=	switches	mechanical	humidity_operating,altitude_storage,temp_operating,temp_storage	attributes:none,faq<3
C3KX-FIPS-KIT	switches	mechanical	temp_operating,humidity_operating,altitude_storage,temp_storage	attributes:none,faq<3
C3KX-NM-BLANK=	switches	mechanical	temp_operating,temp_storage,humidity_operating,altitude_storage	attributes:none,faq<3
C3KX-PS-BLANK=	switches	mechanical	temp_operating,temp_storage,humidity_operating,altitude_storage	attributes:none,faq<3
C3KX-RACK-KIT=	switches	mechanical	temp_operating,humidity_operating,altitude_storage,temp_storage	attributes:none,faq<3
C9200-NM-BLANK	switches	mechanical	humidity_storage,temp_operating,certifications,temp_storage,ieee_standards,altitude_max	attributes:none,faq<3
C9400-SSD-240GB	switches	drive	certifications,ieee_standards,temp_storage,temp_operating,altitude_max	attributes:none,faq<3
C9400-SSD-480GB	switches	drive	ieee_standards,temp_operating,temp_storage,altitude_max,certifications	attributes:none,faq<3
C9550-FAN-1U-F	switches	fan	humidity_storage,temp_operating,altitude_max,temp_storage,emc_emissions,emc_immunity	attributes:none,faq<3
C9550-FAN-2U-F	switches	fan	humidity_storage,temp_operating,altitude_max,temp_storage,emc_emissions,emc_immunity	attributes:none,faq<3
C9550-FAN-2U-R	switches	fan	humidity_storage,temp_operating,altitude_max,temp_storage,emc_emissions,emc_immunity	attributes:none,faq<3
C9610-23-KIT-2=	switches	mechanical	humidity_storage,temp_storage,temp_operating,altitude_max	attributes:none,faq<3
C9610-NEBS-KIT	switches	mechanical	humidity_storage,temp_storage,altitude_max,temp_operating	attributes:none,faq<3
C9K-ACC-RBFT	switches	accessory	humidity_storage,temp_operating,temp_storage,ieee_standards,altitude_max,certifications	attributes:none,faq<3
C9K-ACC-SCR-4	switches	mechanical	humidity_storage,temp_operating,temp_storage,altitude_max,ieee_standards,certifications	attributes:none,faq<3
C9K-ADPT-BRKT-12T	switches	mechanical	humidity_storage,temp_storage,temp_operating,ieee_standards,altitude_max,certifications	attributes:none,faq<3
C9K-CMPCT-DESK-MNT	switches	mechanical	humidity_storage,temp_operating,temp_storage,ieee_standards,altitude_max,certifications	attributes:none,faq<3
C9K-WALL-TRAY	switches	mechanical	certifications,humidity_storage,temp_operating,temp_storage,ieee_standards,altitude_max	attributes:none,faq<3
CAB-3KX-250VAC-JP=	switches	power-cord	temp_operating,temp_storage,humidity_operating,altitude_storage	attributes:none,faq<3
CAB-3KX-AC-AP=	switches	power-cord	temp_operating,temp_storage,humidity_operating,altitude_storage	attributes:none,faq<3
CAB-3KX-AC-AR=	switches	power-cord	temp_operating,temp_storage,humidity_operating,altitude_storage	attributes:none,faq<3
CAB-3KX-AC-CN=	switches	power-cord	temp_operating,temp_storage,humidity_operating,altitude_storage	attributes:none,faq<3
CAB-3KX-AC-DN=	switches	power-cord	temp_operating,temp_storage,humidity_operating,altitude_storage	attributes:none,faq<3
CAB-3KX-AC-IN=	switches	power-cord	temp_operating,temp_storage,humidity_operating,altitude_storage	attributes:none,faq<3
CAB-3KX-AC-IT=	switches	power-cord	temp_operating,temp_storage,humidity_operating,altitude_storage	attributes:none,faq<3
CAB-ACBZ-10A=	switches	power-cord	temp_storage,temp_operating	attributes:none,faq<3
CAB-ACBZ-12A=	switches	power-cord	temp_storage,temp_operating	attributes:none,faq<3
CAB-C15-CBN-JP=	switches	power-cord	emc_immunity,temp_storage,temp_operating,certifications	attributes:none,faq<3
CAB-GUIDE-1RU	switches	mechanical	humidity_storage,temp_operating,temp_storage,certifications	attributes:none,faq<3
CAB-SPWR-150CM=	switches	cable	temp_storage,humidity_operating,altitude_storage,temp_operating	attributes:none,faq<3
CAB-STK-1M=	switches	stack-cable	qos_features,programming_interfaces,humidity_operating,temp_operating,shock,temp_storage	attributes:none,faq<3
CAB-TA-125V-JP=	switches	power-cord	humidity_storage,temp_operating,temp_storage,certifications	attributes:none,faq<3
CAB-TA-250V-JP=	switches	power-cord	emc_immunity,temp_operating,temp_storage	attributes:none,faq<3
CAB-TA-250VAC-JP=	switches	power-cord	humidity_storage,temp_operating,temp_storage,certifications	attributes:none,faq<3
CAB-XPS-150CM=	switches	cable	altitude_storage,temp_operating,temp_storage,humidity_operating	attributes:none,faq<3
CW-SFP-KIT1	switches	accessory	qos_features,programming_interfaces,emc_emissions,temp_operating,temp_storage,shock	attributes:none,faq<3
FAN-T2	switches	fan	humidity_storage,temp_operating,temp_storage,ieee_standards	attributes:none,faq<3
FAN-T2=	switches	fan	humidity_storage,temp_operating,temp_storage	attributes:none,faq<3
FAN-T3-F=	switches	fan	humidity_storage,temp_operating,temp_storage,certifications	attributes:none,faq<3
FAN-T3-R=	switches	fan	humidity_storage,temp_operating,temp_storage,certifications	attributes:none,faq<3
GLC-FE-100ZX	transceiver	pluggable	temp_operating,altitude_storage,shock,crypto_algorithms,humidity_storage,humidity_operating	attribute:Betriebstemperatur
IRM-1800-M12KIT	routers	mechanical	ieee_standards,supported_protocols,temp_operating,dram,flash,altitude_max,mounting	attribute:Montage,attributes:none,faq<3
IRM-1800-M12KIT=	routers	mechanical	ieee_standards,supported_protocols,temp_operating,dram,flash,altitude_max,mounting	attribute:Montage,attributes:none,faq<3
MA-SFP-10GB-LR	transceiver	pluggable	temp_operating,humidity_operating,temp_storage,mounting	attribute:Betriebstemperatur
MA-SFP-10GB-LRM	transceiver	pluggable	temp_operating,humidity_operating,temp_storage,supported_protocols,mounting	attribute:Betriebstemperatur
MA-SFP-10GB-SR	transceiver	pluggable	temp_operating,humidity_operating,temp_storage,mounting	attribute:Betriebstemperatur
MEM-C6K-CPTFL256M	switches	flash	temp_operating,ieee_standards	attributes:none,faq<3
MEM-C6K-CPTFL512M	switches	flash	ieee_standards,temp_operating	attributes:none,faq<3
MEM-CF-256U512MB	routers	flash	dram,flash	attribute:Flash-Speicher,attributes:none,faq<3
MEM-MSFC3-1GB	switches	memory	ieee_standards,temp_operating	attributes:none,faq<3
MEM-XCEF720-512M	switches	memory	ieee_standards,temp_operating	attributes:none,faq<3
N3K-C3064-ACC-KIT	switches	mechanical	emc_immunity,emc_emissions,altitude_max,temp_operating,temp_storage,humidity_operating	attributes:none,faq<3
N9K-C9300-ACK	switches	mechanical	qos_features,humidity_operating,packet_buffer,emc_emissions,altitude_max,dram,rohs_compliance,temp_operating,temp_storage,emc_immunity	attributes:none,faq<3
NXA-FAN-160CFM-PE	switches	fan	temp_storage,altitude_storage,temp_operating,humidity_operating,emc_emissions	attributes:none,faq<3
NXA-FAN-160CFM-PE=	switches	fan	temp_operating,humidity_operating,altitude_max,altitude_storage,emc_emissions	attributes:none,faq<3
NXA-FAN-160CFM-PI	switches	fan	temp_storage,altitude_storage,temp_operating,humidity_operating,emc_emissions	attributes:none,faq<3
NXA-FAN-65CFM-PI	switches	fan	temp_storage,altitude_max,temp_operating,humidity_operating,emc_emissions	attributes:none,faq<3
NXK-ACC-KIT-2P	switches	mechanical	emc_emissions,emc_immunity,temp_storage,altitude_max,temp_operating,humidity_operating	attributes:none,faq<3
NXK-ACC-RMK2-2RU	switches	mechanical	emc_immunity,temp_storage,emc_emissions,altitude_max,temp_operating,humidity_operating	attributes:none,faq<3
PWR-C1-BLANK=	switches	mechanical	humidity_storage,temp_operating,temp_storage,certifications	attributes:none,faq<3
RACK-KIT-T1=	switches	mechanical	humidity_storage,altitude_max,temp_operating,temp_storage,ieee_standards,certifications	attributes:none,faq<3
RACKMNT-19-CMPACT	switches	mechanical	certifications,humidity_storage,ieee_standards,altitude_max,temp_operating,temp_storage	attributes:none,faq<3
REC-KIT-T1=	switches	mechanical	humidity_storage,ieee_standards,altitude_max,temp_operating,temp_storage,certifications	attributes:none,faq<3
SD-IE-16GB	switches	flash	ieee_standards,qos_features,supported_protocols,emc_emissions,shock,programming_interfaces,temp_operating,temp_storage,rfc_compliance,snmp_mibs,certifications	attributes:none,faq<3
SD-IE-1GB=	switches	flash	ieee_standards,qos_features,snmp_mibs,programming_interfaces,temp_operating,shock,supported_protocols,rfc_compliance,emc_emissions,temp_storage,mac_table,certifications	attributes:none,faq<3
SFP-25G-AOC3M	transceiver	cable	emc_emissions,ieee_standards	attribute:Standard
SFP-25G-AOC5M	transceiver	cable	emc_emissions,ieee_standards	attribute:Standard
SSD-120G	switches	drive	humidity_storage,ieee_standards,altitude_max,temp_operating,temp_storage,certifications	attributes:none,faq<3
SSD-240G	switches	drive	humidity_storage,ieee_standards,altitude_max,temp_operating,temp_storage,certifications	attributes:none,faq<3
SSD-240G=	switches	drive	humidity_storage,ieee_standards,altitude_max,temp_operating,temp_storage,certifications	attributes:none,faq<3
STACK-T1-1M=	switches	stack-cable	temp_storage,temp_operating	attributes:none,faq<3
STACK-T1-3M	switches	stack-cable	humidity_storage,ieee_standards,temp_operating,temp_storage	attributes:none,faq<3
STACK-T1-3M=	switches	stack-cable	temp_storage,temp_operating	attributes:none,faq<3
STACK-T1-50CM=	switches	stack-cable	temp_operating,temp_storage	attributes:none,faq<3
STACK-T2-1M=	switches	stack-cable	temp_storage,temp_operating,certifications	attributes:none,faq<3
STACK-T2-50CM=	switches	stack-cable	temp_storage,temp_operating,certifications	attributes:none,faq<3
STACK-T2-BLANK	switches	mechanical	temp_storage,temp_operating,certifications	attributes:none,faq<3
STACK-T2-BLANK=	switches	mechanical	temp_storage,temp_operating,certifications	attributes:none,faq<3
STACK-T3-1M	switches	stack-cable	humidity_storage,temp_storage,temp_operating,ieee_standards	attributes:none,faq<3
STACK-T3-1M=	switches	stack-cable	ieee_standards,humidity_storage,temp_operating,temp_storage	attributes:none,faq<3
STACK-T3-3M=	switches	stack-cable	humidity_storage,ieee_standards,temp_operating,temp_storage	attributes:none,faq<3
STACK-T3-50CM	switches	stack-cable	humidity_storage,ieee_standards,temp_operating,temp_storage	attributes:none,faq<3
STACK-T3-50CM=	switches	stack-cable	humidity_storage,ieee_standards,temp_storage,temp_operating	attributes:none,faq<3
STACK-T3A-1M	switches	stack-cable	humidity_storage,ieee_standards,temp_operating,temp_storage	attributes:none,faq<3
STACK-T3A-1M=	switches	stack-cable	humidity_storage,ieee_standards,temp_operating,temp_storage	attributes:none,faq<3
STACK-T3A-3M	switches	stack-cable	humidity_storage,ieee_standards,temp_storage,temp_operating	attributes:none,faq<3
STACK-T3A-3M=	switches	stack-cable	humidity_storage,temp_operating,temp_storage,ieee_standards	attributes:none,faq<3
STACK-T3A-50CM	switches	stack-cable	humidity_storage,temp_operating,temp_storage,ieee_standards	attributes:none,faq<3
STACK-T3A-50CM=	switches	stack-cable	humidity_storage,ieee_standards,temp_operating,temp_storage	attributes:none,faq<3
STACK-T4-1M	switches	stack-cable	humidity_storage,temp_storage,temp_operating,certifications	attributes:none,faq<3
STACK-T4-1M=	switches	stack-cable	humidity_storage,temp_operating,temp_storage,certifications	attributes:none,faq<3
STACK-T4-3M	switches	stack-cable	humidity_storage,temp_storage,temp_operating,certifications	attributes:none,faq<3
STACK-T4-50CM=	switches	stack-cable	humidity_storage,temp_operating,temp_storage,certifications	attributes:none,faq<3
STK-RACKMNT-2955	switches	mechanical	ieee_standards,certifications,temp_operating	attributes:none,faq<3
X2-10GB-LR	transceiver	pluggable	temp_operating,status_leds,safety_standards,mounting	attribute:Betriebstemperatur
XPS-2200-FAN=	switches	fan	temp_operating,temp_storage,humidity_operating,altitude_storage	attributes:none,faq<3
ACC-KIT-T1=	switches	mechanical	humidity_storage,certifications,altitude_max,temp_operating,temp_storage,ieee_standards	attributes:none,faq<3
C3850-4PT-KIT=	switches	mechanical	humidity_storage,temp_operating,temp_storage,ieee_standards,altitude_max,certifications	attributes:none,faq<3
C3850-FAN-T1=	switches	fan	humidity_storage,temp_operating,temp_storage,certifications	attributes:none,faq<3
C3850-NM-BLANK=	switches	mechanical	humidity_storage,ieee_standards,temp_operating,temp_storage,altitude_max,certifications	attributes:none,faq<3
C3KX-FAN-23CFM=	switches	fan	temp_operating,humidity_operating,altitude_storage,temp_storage	attributes:none,faq<3
C9400-SSD-960GB	switches	drive	ieee_standards,temp_operating,temp_storage,altitude_max,certifications	attributes:none,faq<3
C9550-FAN-1U-R	switches	fan	humidity_storage,temp_operating,altitude_max,temp_storage,emc_emissions,emc_immunity	attributes:none,faq<3
C9610-19-KIT-4=	switches	mechanical	humidity_storage,temp_storage,temp_operating,altitude_max	attributes:none,faq<3
C9610-NEBSFILTER=	switches	mechanical	humidity_storage,temp_storage,altitude_max,temp_operating	attributes:none,faq<3
C9K-ADPT-BRKT-8PT	switches	mechanical	humidity_storage,temp_storage,temp_operating,ieee_standards,altitude_max,certifications	attributes:none,faq<3
C9K-CMPCT-CBLE-GRD	switches	mechanical	humidity_storage,temp_operating,temp_storage,altitude_max,ieee_standards,certifications	attributes:none,faq<3
C9K-CMPCT-DIN-MNT	switches	mechanical	humidity_storage,temp_storage,temp_operating,ieee_standards,altitude_max,certifications	attributes:none,faq<3
C9K-MGNT-TRAY	switches	mechanical	humidity_storage,temp_operating,temp_storage,altitude_max,ieee_standards,certifications	attributes:none,faq<3
CAB-3KX-AC-EU=	switches	power-cord	temp_operating,temp_storage,humidity_operating,altitude_storage	attributes:none,faq<3
CAB-3KX-AC-IS=	switches	power-cord	temp_operating,temp_storage,humidity_operating,altitude_storage	attributes:none,faq<3
CAB-3KX-AC-JP=	switches	power-cord	temp_operating,temp_storage,humidity_operating,altitude_storage	attributes:none,faq<3
CAB-3KX-AC-SW=	switches	power-cord	temp_operating,temp_storage,humidity_operating,altitude_storage	attributes:none,faq<3
CAB-3KX-AC-UK=	switches	power-cord	temp_operating,temp_storage,humidity_operating,altitude_storage	attributes:none,faq<3
CAB-3KX-AC=	switches	power-cord	temp_operating,temp_storage,humidity_operating,altitude_storage	attributes:none,faq<3
CAB-C13-C14-AC	switches	power-cord	temp_operating,humidity_operating,altitude_max	attributes:none,faq<3
CAB-C15-CBN=	switches	power-cord	emc_immunity,programming_interfaces,temp_storage,temp_operating	attributes:none,faq<3
CAB-HVAC-C14-2M	switches	power-cord	altitude_max,temp_operating,humidity_operating,emc_emissions,emc_immunity	attributes:none,faq<3
CAB-HVAC-RT-0.6M	switches	power-cord	temp_operating,altitude_max,emc_emissions,emc_immunity	attributes:none,faq<3
CAB-HVAC-SD-0.6M	switches	power-cord	altitude_max,temp_operating,emc_emissions,emc_immunity	attributes:none,faq<3
CAB-SPWR-30CM=	switches	cable	humidity_operating,altitude_storage,temp_storage,temp_operating	attributes:none,faq<3
CAB-STACK-1M-NH=	switches	stack-cable	temp_operating,temp_storage,humidity_operating,altitude_storage	attributes:none,faq<3
CAB-STACK-1M=	switches	stack-cable	temp_operating,temp_storage,humidity_operating,altitude_storage	attributes:none,faq<3
CAB-STACK-3M-NH=	switches	stack-cable	temp_operating,temp_storage,humidity_operating,altitude_storage	attributes:none,faq<3
CAB-STACK-3M=	switches	stack-cable	temp_operating,temp_storage,humidity_operating,altitude_storage	attributes:none,faq<3
CAB-STACK-50CM-NH=	switches	stack-cable	temp_operating,temp_storage,humidity_operating,altitude_storage	attributes:none,faq<3
CAB-STACK-50CM=	switches	stack-cable	temp_operating,temp_storage,humidity_operating,altitude_storage	attributes:none,faq<3
CAB-STK-0.5M=	switches	stack-cable	qos_features,programming_interfaces,humidity_operating,temp_operating,shock,temp_storage	attributes:none,faq<3
CAB-XPS-58CM=	switches	cable	temp_operating,temp_storage,humidity_operating,altitude_storage	attributes:none,faq<3
FAN-T1=	switches	fan	temp_storage,temp_operating,certifications	attributes:none,faq<3
GLC-FE-100EX	transceiver	pluggable	temp_operating,altitude_storage,shock,crypto_algorithms,humidity_storage,humidity_operating	attribute:Betriebstemperatur
MA-SFP-10GB-ER	transceiver	pluggable	temp_operating,humidity_operating,temp_storage,mounting	attribute:Betriebstemperatur
MEM-C4K-FLD128M	switches	flash	temp_operating,mounting,certifications	attributes:none,faq<3
MEM-C4K-FLD128M=	switches	flash	temp_operating,mounting,certifications	attributes:none,faq<3
MEM-CF-256MB	routers	flash	dram,flash	attribute:Flash-Speicher,attributes:none,faq<3
MEM-CF-256MB=	routers	flash	dram,flash	attribute:Flash-Speicher,attributes:none,faq<3
MEM-SD-1GB-RGD	switches	flash	ieee_standards,certifications,temp_operating	attributes:none,faq<3
N3K-C3064-ACC-KIT=	switches	mechanical	supported_protocols,ieee_standards,temp_operating,qos_features,snmp_mibs,humidity_operating,altitude_max,altitude_storage,emc_immunity	attributes:none,faq<3
N9K-C9300-ACK=	switches	mechanical	emc_emissions,emc_immunity,humidity_operating,altitude_max,temp_operating,altitude_storage	attributes:none,faq<3
N9K-C9300-FAN3	switches	fan	qos_features,emc_immunity,altitude_max,temp_operating,temp_storage,humidity_operating	attributes:none,faq<3
N9K-C9300-FAN3-B	switches	fan	qos_features,emc_immunity,altitude_max,temp_operating,temp_storage,humidity_operating	attributes:none,faq<3
N9K-C9300-RMK	switches	mechanical	emc_emissions,emc_immunity,altitude_max,dram,packet_buffer,rohs_compliance,temp_operating,temp_storage,humidity_operating	attributes:none,faq<3
NXA-FAN-160CFM-PI=	switches	fan	altitude_storage,temp_operating,humidity_operating,altitude_max,emc_emissions	attributes:none,faq<3
NXA-FAN-65CFM-PE	switches	fan	temp_storage,altitude_max,temp_operating,humidity_operating,emc_emissions	attributes:none,faq<3
NXK-ACC-KIT-1RU	switches	mechanical	emc_emissions,emc_immunity,temp_storage,altitude_max,dram,packet_buffer,rohs_compliance,temp_operating,humidity_operating	attributes:none,faq<3
NXK-ACC-RMK-1RU	switches	mechanical	temp_storage,emc_emissions,emc_immunity,altitude_max,temp_operating,humidity_operating	attributes:none,faq<3
NXK-ACC-RMK-2RU=	switches	mechanical	emc_emissions,emc_immunity,temp_operating,humidity_operating,altitude_max,altitude_storage	attributes:none,faq<3
PWR-C2-BLANK=	switches	mechanical	temp_storage,temp_operating,certifications	attributes:none,faq<3
PWR-C5-BLANK=	switches	mechanical	humidity_storage,temp_operating,temp_storage,certifications	attributes:none,faq<3
QSFP-40/100-SRBD	transceiver	pluggable	regions_supported,ieee_standards	attribute:Standard
RM-RGD-19IN=	switches	mechanical	qos_features,ieee_standards,shock,temp_storage,programming_interfaces,humidity_operating,temp_operating,rfc_compliance,snmp_mibs,supported_protocols,certifications	attributes:none,faq<3
RM-RGD-23IN=	switches	mechanical	qos_features,programming_interfaces,humidity_operating,shock,temp_storage,temp_operating,snmp_mibs,ieee_standards,rfc_compliance,supported_protocols,certifications	attributes:none,faq<3
SFP-25G-AOC4M	transceiver	cable	emc_emissions,ieee_standards	attribute:Standard
SSD-120G=	switches	drive	humidity_storage,ieee_standards,altitude_max,temp_operating,temp_storage,certifications	attributes:none,faq<3
STACK-T1-1M	switches	stack-cable	humidity_storage,ieee_standards,temp_operating,temp_storage	attributes:none,faq<3
STACK-T1-50CM	switches	stack-cable	humidity_storage,ieee_standards,temp_operating,temp_storage	attributes:none,faq<3
STACK-T2-3M=	switches	stack-cable	temp_storage,temp_operating,certifications	attributes:none,faq<3
STACK-T3-3M	switches	stack-cable	humidity_storage,ieee_standards,temp_operating,temp_storage	attributes:none,faq<3
STACK-T4-3M=	switches	stack-cable	humidity_storage,temp_storage,temp_operating,certifications	attributes:none,faq<3
STACK-T4-50CM	switches	stack-cable	humidity_storage,temp_operating,temp_storage,certifications	attributes:none,faq<3
