doc_id	doc_type	kind	outcome	title
008c218becc3d494	vendor_datasheet_pdf	pdf	recovered	Cisco C9350 Series Smart Switches
02779c29e48266ee	vendor_datasheet_pdf	pdf	no_title	
02cb28cf72a962c8	vendor_datasheet_pdf	pdf	recovered	Cisco HyperFlex HX225 M6 Edge All Flash and Hybrid Server Nodes spec sheet
08304819938385ad	vendor_datasheet_pdf	pdf	recovered	Cisco Hyperflex HX220c M4 Spec Sheet
088a25e3ebe4b56f	vendor_datasheet_pdf	pdf	recovered	Cisco Compute Hyperconverged and Compute-Only with Nutanix-220 M7 All-NVMe/All-Flash Server
0a9369bd89f55bec	vendor_datasheet_pdf	pdf	recovered	Cisco UCS XE9305 Chassis Spec Sheet
0c6ace39e8259197	vendor_datasheet_pdf	pdf	recovered	Cisco 4400 Series Integrated Services Router 1-, 2 , and 4-Port Serial Network Interface Modules Data Sheet
12f33af3873c6c79	vendor_datasheet_pdf	pdf	recovered	Cisco 8100 Series Secure Routers
133d5c060e0fb3fd	vendor_datasheet_pdf	pdf	recovered	Cisco UCS X9508 Chassis Spec Sheet
134320bacd1ce0af	vendor_datasheet_pdf	pdf	recovered	Cisco UCS 9108 25G Intelligent Fabric Module Spec Sheet
1636f5544827b34c	vendor_datasheet_pdf	pdf	recovered	Cisco 1861 and Cisco 2800, 3800, 2900, 3900, and 3900E Series Integrated Services Router Interoperability with Cisco Unified Communications Manager Data Sheet
17672f27eb2ca26b	vendor_datasheet_pdf	pdf	recovered	Cisco HyperFlex HX220 M6 Edge All Flash and Hybrid Server Nodes Spec Sheet
18561d03b33b8b59	vendor_datasheet_pdf	pdf	recovered	Corning 400G Cabling For Cisco QSFP-DD
1a5aa14ad618abaa	vendor_page	html	no_title	
1aef47836eedcf47	vendor_datasheet_pdf	pdf	recovered	Cisco HyperFlex Express HX245C M6 All Flash and Hybrid Server Nodes
1e09ba8126247683	vendor_datasheet_pdf	pdf	recovered	Webex Workforce Optimization Data Sheet
1ee962080c7f615e	vendor_datasheet_pdf	pdf	recovered	Secure Network Analytics Data Store Design Guide
1fc4ca0bf7aafa74	vendor_datasheet_pdf	pdf	recovered	UCS C885A M8 Rack Server Spec Sheet
2145e269815382e6	vendor_datasheet_pdf	pdf	recovered	Cisco UCS X210c M8 Compute Node Spec Sheet
2260906603675657	vendor_datasheet_pdf	pdf	recovered	Cisco HyperFlex HX-E-220M5SX Edge Spec Sheet
242b8dab384383c6	vendor_datasheet_pdf	pdf	recovered	Cisco UCS X410c M8 Compute Node Spec Sheet
265f5e2b0fa42e9e	vendor_datasheet_pdf	pdf	recovered	Cisco UCS 9108 100G Intelligent Fabric Module Spec Sheet
293bcc36fb6e1e50	vendor_datasheet_pdf	pdf	recovered	Cisco UCS E-Series Compatibility and Ordering Guide
2a26b577ad35585a	vendor_datasheet_pdf	pdf	recovered	Cisco Compute Hyperconverged and Compute-Only with Nutanix-240 M6 All-Flash Server
2ad2f89caef92adb	vendor_datasheet_pdf	pdf	recovered	Cisco MDS 9700 SAN Directors: Quick technical overview
2e35e9e083fdffdb	vendor_datasheet_pdf	pdf	recovered	Cisco UCS B480 M5 Blade Server Spec Sheet
33f0bb6e196a0d3f	vendor_datasheet_pdf	pdf	no_title	
3514858fa35c6a17	vendor_datasheet_pdf	pdf	no_title	
35f0b6d0cb195cf6	vendor_datasheet_pdf	pdf	no_title	
368376a79ca9e782	vendor_datasheet_pdf	pdf	recovered	Cisco ASR 9000 Series Router Software License Operations White Paper
3e33647bc6717767	vendor_datasheet_pdf	pdf	no_title	
4a8ae3cd8b964ab5	vendor_datasheet_pdf	pdf	recovered	Cisco Compute-Only B200 M5/M6 Nodes
4b9c55ff1578147e	vendor_datasheet_pdf	pdf	refused_placeholder	MS Word Template_102504
52fdd2003a38bfef	vendor_datasheet_pdf	pdf	recovered	Cisco HyperFlex HX240C M6 LFF Server Node Spec Sheet
56c296abdad0b142	vendor_datasheet_pdf	pdf	recovered	Cisco UCS XE130c M8 Compute Node Spec Sheet
576972ab9fa107f1	vendor_datasheet_pdf	pdf	recovered	Cisco Compute Hyperconverged 9508 Chassis
5bef50b960b7ff11	vendor_datasheet_pdf	pdf	no_title	
5d177c27bb872b6d	vendor_datasheet_pdf	pdf	no_title	
5e7fd56cbac9e7e4	vendor_datasheet_pdf	pdf	recovered	Cisco UCS 5108 Blade Server Chassis Spec Sheet
5ead33d5cb1a42eb	vendor_datasheet_pdf	pdf	recovered	Cisco HyperFlex HX240 M6 Edge All Flash and Hybrid Server Nodes Spec Sheet
5eb21104173745ac	vendor_datasheet_pdf	pdf	recovered	Cisco 819 4G LTE 2.5 Machine-to-Machine Wireless WAN Integrated Services Routers for Asia, Australia, and Selected Latin America Regions
5fcdd89b5e96ecba	vendor_datasheet_pdf	pdf	no_title	
693ec50dbadd2cba	vendor_datasheet_pdf	pdf	recovered	Cisco Compute Hyperconverged 440p PCIe Node Spec Sheet
6d64c5a4bd391d6c	vendor_datasheet_pdf	pdf	recovered	Cisco UCS X9508 Chassis and X210c M6 Compute-Only (CO) Node Spec Sheet
6f87678daac5f914	vendor_datasheet_pdf	pdf	recovered	Cisco Compute Hyperconverged and Compute-Only with Nutanix-220 M6 All-NVMe/All-Flash Server
705ba33ab326119a	vendor_datasheet_pdf	pdf	recovered	Cisco Compute Hyperconverged with HCIXVS215C M8 All-NVMe vSAN ReadyNode
76a64f754f36672a	vendor_datasheet_pdf	pdf	recovered	Cisco UCS Intel M8 Memory Guide
76d7f519fff3a3c4	vendor_datasheet_pdf	pdf	recovered	Cisco Compute Hyperconverged and Compute-Only with Nutanix-225C M8 All-NVMe Server
78aa7b2c64d2e936	vendor_datasheet_pdf	pdf	recovered	Cisco HyperFlex Express HX240C M6 All NVMe, All Flash and Hybrid Server Nodes
79eebab31ca3b034	vendor_datasheet_pdf	pdf	recovered	Cisco UCS 6600 Series Fabric Interconnects Spec Sheet
8aaea340d08abaf1	vendor_datasheet_pdf	pdf	recovered	Cisco UCS 6536 Fabric Interconnect Spec Sheet
8d5d3b2ef338f548	vendor_datasheet_pdf	pdf	recovered	Solution Brief: Cisco UCS-C-Series Rack Servers
8fda693f96c38c3a	vendor_datasheet_pdf	pdf	recovered	Cisco UCS XE150c M8 Compute Node Spec Sheet
93d6157c5480e307	vendor_datasheet_pdf	pdf	recovered	Cisco UCS B200 M4 Blade Server Spec Sheet
97ecbb855c394d0d	vendor_datasheet_pdf	pdf	no_title	
9adabdbd605320ae	vendor_datasheet_pdf	pdf	recovered	Prisma Band Wave Division Multiplexer (BWDM) Filters Data Sheet
adff9fdf9158cff7	vendor_datasheet_pdf	pdf	recovered	Cisco HyperFlex HX240 M5 Edge Hybrid and All Flash Spec Sheet
ae70dbfde35dc9d8	vendor_datasheet_pdf	pdf	recovered	R42612 Spec Sheet
b41c5b953f712f00	vendor_datasheet_pdf	pdf	recovered	Cisco UCS C240 M7 SFF Rack Server Spec Sheet
b810afad9f7d9c63	vendor_datasheet_pdf	pdf	recovered	Cisco UCS S3260 Storage Server Spec Sheet
b852fc8ad600b876	vendor_datasheet_pdf	pdf	recovered	Cisco Compute Hyperconverged X580p PCIe Node Spec Sheet
bfc17aefdb375775	vendor_datasheet_pdf	pdf	recovered	Cisco Hyperflex HX220c M5 Spec Sheet
c09551505c0057d2	vendor_datasheet_pdf	pdf	recovered	Cisco Compute Hyperconverged HCINX240C M8 LFF Server
c6b62c83e20deb9e	vendor_datasheet_pdf	pdf	recovered	Cisco UCS B420 M4 Blade Server Spec Sheet
cab2a73abf5f34a6	vendor_datasheet_pdf	pdf	no_title	
cb0d56acc2b94cc9	vendor_datasheet_pdf	pdf	recovered	Cisco 8200 Series Secure Routers
cd96c29a4d7ccf65	vendor_datasheet_pdf	pdf	no_title	
d02368d4888c36a0	vendor_datasheet_pdf	pdf	no_title	
d1d727ecaaeae889	vendor_datasheet_pdf	pdf	recovered	Cisco UCS X410c M7 Compute Node Spec Sheet
d2be01a7727923bd	vendor_datasheet_pdf	pdf	recovered	Cisco HyperFlex Express HX220C M6 All NVMe, All Flash and Hybrid Server Nodes
d6d61e8ab387edd5	vendor_datasheet_pdf	pdf	recovered	Cisco Hyperflex HXAF220c M5 Spec Sheet
d704a50d82d63b6b	vendor_datasheet_pdf	pdf	recovered	Cisco 8400 Series Secure Routers
d7a766e4b3c39c24	vendor_datasheet_pdf	pdf	recovered	Cisco UCS 6400 Series Fabric Interconnect Spec Sheet
d7fc740f6cd81819	vendor_datasheet_pdf	pdf	recovered	Cisco UCS X580p PCIe Node Spec Sheet
d9cc5cc7283f6493	vendor_datasheet_pdf	pdf	recovered	Cisco UCS/UCSX M7 Memory Guide
de26121b07603691	vendor_datasheet_pdf	pdf	recovered	Cisco UCS 6300 Series Fabric Interconnect Spec Sheet
ec05e2313d88cb1a	vendor_datasheet_pdf	pdf	recovered	Cisco HyperFlex HX240c M5 LFF Spec Sheet
ed9deba5aa7d6ff7	vendor_datasheet_pdf	pdf	recovered	Cisco UCS C220/C240/B200 M5 Memory Guide
eec05b90899ec7d2	vendor_datasheet_pdf	pdf	recovered	Data Sheet - Prisma II 1 GHz 1550 nm Transmitters
f1449305b7ca839d	vendor_datasheet_pdf	pdf	recovered	Cisco UCS C880A M8 Rack Server Spec Sheet
f62dd878d4e7d6f0	vendor_datasheet_pdf	pdf	no_title	
f6b2cd0ca6ac5eb2	vendor_datasheet_pdf	pdf	recovered	Cisco UCS X210c M7 Compute Node Spec Sheet
f93d7e14ab95d428	vendor_datasheet_pdf	pdf	recovered	Cisco C9550 Series Smart Switches Data Sheet
