fact_id	part_id	field_key	verdict
148310	18729	supported_protocols	flag
148313	18728	supported_protocols	flag
148316	18464	supported_protocols	flag
206313	35203	certifications	flag
206314	35317	certifications	flag
206315	35111	certifications	flag
206316	35384	certifications	flag
206317	35413	certifications	flag
206327	35085	certifications	flag
206328	35147	certifications	flag
206329	35530	certifications	flag
206330	35113	certifications	flag
206331	35528	certifications	flag
206332	35180	certifications	flag
143680	27051	emc_emissions	flag
143682	26809	emc_emissions	flag
143684	27002	emc_emissions	flag
143686	26937	emc_emissions	flag
143688	27027	emc_emissions	flag
143691	27082	emc_emissions	flag
143693	27003	emc_emissions	flag
143695	26870	emc_emissions	flag
143697	27146	emc_emissions	flag
143700	27004	emc_emissions	flag
143702	26969	emc_emissions	flag
197892	44685	supported_protocols	flag
197893	44711	supported_protocols	flag
197894	44930	supported_protocols	flag
197895	45071	supported_protocols	flag
197783	26986	supported_protocols	flag
147786	27169	supported_protocols	flag
197782	26893	supported_protocols	flag
147780	19021	supported_protocols	flag
147781	19038	supported_protocols	flag
147782	18909	supported_protocols	flag
147783	19172	supported_protocols	flag
147784	19073	supported_protocols	flag
238452	44814	certifications	flag
238478	5876	certifications	flag
238507	44622	certifications	flag
238536	44688	certifications	flag
238453	44814	supported_protocols	flag
238479	5876	supported_protocols	flag
238508	44622	supported_protocols	flag
238537	44688	supported_protocols	flag
238566	44962	supported_protocols	flag
238595	5877	supported_protocols	flag
238624	45073	supported_protocols	flag
238653	5878	supported_protocols	flag
238682	5879	supported_protocols	flag
238711	44811	supported_protocols	flag
238740	45072	supported_protocols	flag
238768	44932	supported_protocols	flag
238796	5880	supported_protocols	flag
238824	44686	supported_protocols	flag
238852	5881	supported_protocols	flag
238880	5882	supported_protocols	flag
205138	9726	supported_protocols	flag
205137	9320	supported_protocols	flag
205502	9393	certifications	flag
205514	9560	certifications	flag
205497	9263	certifications	flag
205498	9290	certifications	flag
205517	9629	certifications	flag
205521	9658	certifications	flag
205525	9692	certifications	flag
205503	9394	certifications	flag
205504	9395	certifications	flag
205506	9451	certifications	flag
205509	9481	certifications	flag
205510	9482	certifications	flag
205518	9630	certifications	flag
205520	9657	certifications	flag
205526	9695	certifications	flag
205530	9729	certifications	flag
149960	9264	emc_emissions	flag
149961	9292	emc_emissions	flag
145471	9634	emc_emissions	flag
145472	9453	emc_emissions	flag
145473	9355	emc_emissions	flag
145474	9485	emc_emissions	flag
205501	9357	certifications	flag
205500	9356	certifications	flag
205519	9635	certifications	flag
205527	9698	certifications	flag
98297	44402	emc_emissions	flag
98326	44464	emc_emissions	flag
98450	44570	emc_emissions	flag
69867	7839	emc_emissions	flag
98214	44186	emc_emissions	flag
98437	44538	emc_emissions	flag
197791	20681	supported_protocols	flag
197790	20333	supported_protocols	flag
197909	20559	supported_protocols	flag
206969	20559	certifications	flag
197818	20241	supported_protocols	flag
197819	20633	supported_protocols	flag
197820	20715	supported_protocols	flag
197821	20310	supported_protocols	flag
197877	81360	supported_protocols	flag
197878	81719	supported_protocols	flag
197879	81539	supported_protocols	flag
197880	81443	supported_protocols	flag
206926	20530	certifications	flag
206412	27107	certifications	flag
206413	26966	certifications	flag
197223	26965	supported_protocols	flag
197224	27026	supported_protocols	flag
28268	2356	supported_protocols	flag
204378	61357	supported_protocols	flag
204379	62056	supported_protocols	flag
204380	61656	supported_protocols	flag
204396	61721	supported_protocols	flag
204397	61598	supported_protocols	flag
204398	62123	supported_protocols	flag
204399	62124	supported_protocols	flag
208057	61775	supported_protocols	flag
208058	61881	supported_protocols	flag
208059	61661	supported_protocols	flag
206324	61775	certifications	flag
206325	61881	certifications	flag
206326	61661	certifications	flag
208060	61534	supported_protocols	flag
208061	62060	supported_protocols	flag
208062	62248	supported_protocols	flag
206334	62248	certifications	flag
206333	62060	certifications	flag
205200	64061	supported_protocols	flag
205201	64088	supported_protocols	flag
205198	63533	supported_protocols	flag
205202	64089	supported_protocols	flag
207456	63533	certifications	flag
207458	64061	certifications	flag
207459	64088	certifications	flag
207460	64089	certifications	flag
197780	27131	supported_protocols	flag
197781	27132	supported_protocols	flag
