part_id	sku	action	model	value	unit	method	doc_id	locator	raw
5798	C9200-24P-A	write	C9200-24P	5.5	kg	html_table	de692de8d2c8f641	t13:r2:c2|rev=2026-09-01T11:29:48.000Z	"Kilograms | 5.5"
5799	C9200-24P-E	write	C9200-24P	5.5	kg	html_table	de692de8d2c8f641	t13:r2:c2|rev=2026-09-01T11:29:48.000Z	"Kilograms | 5.5"
5800	C9200-24PB-A	write	C9200-24PB	5	kg	html_table	de692de8d2c8f641	t13:r3:c2|rev=2026-09-01T11:29:48.000Z	"Kilograms | 5.0"
5802	C9200-24PXG-A	write	C9200-24PXG	5.1	kg	html_table	de692de8d2c8f641	t13:r4:c2|rev=2026-09-01T11:29:48.000Z	"Kilograms | 5.1"
5801	C9200-24PXG-E	write	C9200-24PXG	5.1	kg	html_table	de692de8d2c8f641	t13:r4:c2|rev=2026-09-01T11:29:48.000Z	"Kilograms | 5.1"
5796	C9200-24T-A	write	C9200-24T	5	kg	html_table	de692de8d2c8f641	t13:r1:c2|rev=2026-09-01T11:29:48.000Z	"Kilograms | 5.0"
5797	C9200-24T-E	write	C9200-24T	5	kg	html_table	de692de8d2c8f641	t13:r1:c2|rev=2026-09-01T11:29:48.000Z	"Kilograms | 5.0"
5805	C9200-48P-A	write	C9200-48P	5.5	kg	html_table	de692de8d2c8f641	t13:r6:c2|rev=2026-09-01T11:29:48.000Z	"Kilograms | 5.5"
5806	C9200-48P-E	write	C9200-48P	5.5	kg	html_table	de692de8d2c8f641	t13:r6:c2|rev=2026-09-01T11:29:48.000Z	"Kilograms | 5.5"
5809	C9200-48PB-A	write	C9200-48PB	5.5	kg	html_table	de692de8d2c8f641	t13:r8:c2|rev=2026-09-01T11:29:48.000Z	"Kilograms | 5.5"
5807	C9200-48PL-A	write	C9200-48PL	5.5	kg	html_table	de692de8d2c8f641	t13:r7:c2|rev=2026-09-01T11:29:48.000Z	"Kilograms | 5.5"
5808	C9200-48PL-E	write	C9200-48PL	5.5	kg	html_table	de692de8d2c8f641	t13:r7:c2|rev=2026-09-01T11:29:48.000Z	"Kilograms | 5.5"
5811	C9200-48PXG-A	write	C9200-48PXG	5.45	kg	html_table	de692de8d2c8f641	t13:r9:c2|rev=2026-09-01T11:29:48.000Z	"Kilograms | 5.45"
5810	C9200-48PXG-E	write	C9200-48PXG	5.45	kg	html_table	de692de8d2c8f641	t13:r9:c2|rev=2026-09-01T11:29:48.000Z	"Kilograms | 5.45"
5803	C9200-48T-A	write	C9200-48T	5	kg	html_table	de692de8d2c8f641	t13:r5:c2|rev=2026-09-01T11:29:48.000Z	"Kilograms | 5.0"
5804	C9200-48T-E	write	C9200-48T	5	kg	html_table	de692de8d2c8f641	t13:r5:c2|rev=2026-09-01T11:29:48.000Z	"Kilograms | 5.0"
5843	C9200CX-12P-2X2G-A	write	C9200CX-12P-2X2G	2.99	kg	html_table	de692de8d2c8f641	t13:r25:c2|rev=2026-09-01T11:29:48.000Z	"Kilograms | 2.99"
5842	C9200CX-12P-2X2G-E	write	C9200CX-12P-2X2G	2.99	kg	html_table	de692de8d2c8f641	t13:r25:c2|rev=2026-09-01T11:29:48.000Z	"Kilograms | 2.99"
5849	C9200CX-12P-2XGH-A	write	C9200CX-12P-2XGH	2.99	kg	html_table	de692de8d2c8f641	t13:r28:c2|rev=2026-09-01T11:29:48.000Z	"Kilograms | 2.99"
5848	C9200CX-12P-2XGH-E	write	C9200CX-12P-2XGH	2.99	kg	html_table	de692de8d2c8f641	t13:r28:c2|rev=2026-09-01T11:29:48.000Z	"Kilograms | 2.99"
5841	C9200CX-12T-2X2G-A	write	C9200CX-12T-2X2G	1.81	kg	html_table	de692de8d2c8f641	t13:r24:c2|rev=2026-09-01T11:29:48.000Z	"Kilograms | 1.81"
5840	C9200CX-12T-2X2G-E	write	C9200CX-12T-2X2G	1.81	kg	html_table	de692de8d2c8f641	t13:r24:c2|rev=2026-09-01T11:29:48.000Z	"Kilograms | 1.81"
5845	C9200CX-8P-2X2G-A	write	C9200CX-8P-2X2G	2.99	kg	html_table	de692de8d2c8f641	t13:r26:c2|rev=2026-09-01T11:29:48.000Z	"Kilograms | 2.99"
5844	C9200CX-8P-2X2G-E	write	C9200CX-8P-2X2G	2.99	kg	html_table	de692de8d2c8f641	t13:r26:c2|rev=2026-09-01T11:29:48.000Z	"Kilograms | 2.99"
5851	C9200CX-8P-2XGH-A	write	C9200CX-8P-2XGH	2.99	kg	html_table	de692de8d2c8f641	t13:r29:c2|rev=2026-09-01T11:29:48.000Z	"Kilograms | 2.99"
5850	C9200CX-8P-2XGH-E	write	C9200CX-8P-2XGH	2.99	kg	html_table	de692de8d2c8f641	t13:r29:c2|rev=2026-09-01T11:29:48.000Z	"Kilograms | 2.99"
5855	C9200CX-8PT-2G-A	write	C9200CX-8PT-2G	1.95	kg	html_table	de692de8d2c8f641	t13:r31:c2|rev=2026-09-01T11:29:48.000Z	"Kilograms | 1.95"
5854	C9200CX-8PT-2G-E	write	C9200CX-8PT-2G	1.95	kg	html_table	de692de8d2c8f641	t13:r31:c2|rev=2026-09-01T11:29:48.000Z	"Kilograms | 1.95"
5847	C9200CX-8UXG-2X-A	write	C9200CX-8UXG-2X	3.18	kg	html_table	de692de8d2c8f641	t13:r27:c2|rev=2026-09-01T11:29:48.000Z	"Kilograms | 3.18"
5846	C9200CX-8UXG-2X-E	write	C9200CX-8UXG-2X	3.18	kg	html_table	de692de8d2c8f641	t13:r27:c2|rev=2026-09-01T11:29:48.000Z	"Kilograms | 3.18"
5853	C9200CX-8UXG-2XH-A	write	C9200CX-8UXG-2XH	3.18	kg	html_table	de692de8d2c8f641	t13:r30:c2|rev=2026-09-01T11:29:48.000Z	"Kilograms | 3.18"
5852	C9200CX-8UXG-2XH-E	write	C9200CX-8UXG-2XH	3.18	kg	html_table	de692de8d2c8f641	t13:r30:c2|rev=2026-09-01T11:29:48.000Z	"Kilograms | 3.18"
5814	C9200L-24P-4G-A	write	C9200L-24P-4G	4.71	kg	html_table	de692de8d2c8f641	t13:r11:c2|rev=2026-09-01T11:29:48.000Z	"Kilograms | 4.71"
5815	C9200L-24P-4G-E	write	C9200L-24P-4G	4.71	kg	html_table	de692de8d2c8f641	t13:r11:c2|rev=2026-09-01T11:29:48.000Z	"Kilograms | 4.71"
5824	C9200L-24P-4X-A	write	C9200L-24P-4X	4.71	kg	html_table	de692de8d2c8f641	t13:r16:c2|rev=2026-09-01T11:29:48.000Z	"Kilograms | 4.71"
5825	C9200L-24P-4X-E	write	C9200L-24P-4X	4.71	kg	html_table	de692de8d2c8f641	t13:r16:c2|rev=2026-09-01T11:29:48.000Z	"Kilograms | 4.71"
5837	C9200L-24PXG-2Y-A	write	C9200L-24PXG-2Y	5.44	kg	html_table	de692de8d2c8f641	t13:r21:c2|rev=2026-09-01T11:29:48.000Z	"Kilograms | 5.44"
5836	C9200L-24PXG-2Y-E	write	C9200L-24PXG-2Y	5.44	kg	html_table	de692de8d2c8f641	t13:r21:c2|rev=2026-09-01T11:29:48.000Z	"Kilograms | 5.44"
5833	C9200L-24PXG-4X-A	write	C9200L-24PXG-4X	5.44	kg	html_table	de692de8d2c8f641	t13:r20:c2|rev=2026-09-01T11:29:48.000Z	"Kilograms | 5.44"
5832	C9200L-24PXG-4X-E	write	C9200L-24PXG-4X	5.44	kg	html_table	de692de8d2c8f641	t13:r20:c2|rev=2026-09-01T11:29:48.000Z	"Kilograms | 5.44"
5812	C9200L-24T-4G-A	write	C9200L-24T-4G	4.35	kg	html_table	de692de8d2c8f641	t13:r10:c2|rev=2026-09-01T11:29:48.000Z	"Kilograms | 4.35"
5813	C9200L-24T-4G-E	write	C9200L-24T-4G	4.35	kg	html_table	de692de8d2c8f641	t13:r10:c2|rev=2026-09-01T11:29:48.000Z	"Kilograms | 4.35"
5822	C9200L-24T-4X-A	write	C9200L-24T-4X	4.35	kg	html_table	de692de8d2c8f641	t13:r15:c2|rev=2026-09-01T11:29:48.000Z	"Kilograms | 4.35"
5823	C9200L-24T-4X-E	write	C9200L-24T-4X	4.35	kg	html_table	de692de8d2c8f641	t13:r15:c2|rev=2026-09-01T11:29:48.000Z	"Kilograms | 4.35"
5818	C9200L-48P-4G-A	write	C9200L-48P-4G	4.8	kg	html_table	de692de8d2c8f641	t13:r13:c2|rev=2026-09-01T11:29:48.000Z	"Kilograms | 4.80"
5819	C9200L-48P-4G-E	write	C9200L-48P-4G	4.8	kg	html_table	de692de8d2c8f641	t13:r13:c2|rev=2026-09-01T11:29:48.000Z	"Kilograms | 4.80"
5828	C9200L-48P-4X-A	write	C9200L-48P-4X	4.8	kg	html_table	de692de8d2c8f641	t13:r18:c2|rev=2026-09-01T11:29:48.000Z	"Kilograms | 4.80"
5829	C9200L-48P-4X-E	write	C9200L-48P-4X	4.8	kg	html_table	de692de8d2c8f641	t13:r18:c2|rev=2026-09-01T11:29:48.000Z	"Kilograms | 4.80"
5820	C9200L-48PL-4G-A	write	C9200L-48PL-4G	4.8	kg	html_table	de692de8d2c8f641	t13:r14:c2|rev=2026-09-01T11:29:48.000Z	"Kilograms | 4.80"
5821	C9200L-48PL-4G-E	write	C9200L-48PL-4G	4.8	kg	html_table	de692de8d2c8f641	t13:r14:c2|rev=2026-09-01T11:29:48.000Z	"Kilograms | 4.80"
5830	C9200L-48PL-4X-A	write	C9200L-48PL-4X	4.8	kg	html_table	de692de8d2c8f641	t13:r19:c2|rev=2026-09-01T11:29:48.000Z	"Kilograms | 4.80"
5831	C9200L-48PL-4X-E	write	C9200L-48PL-4X	4.8	kg	html_table	de692de8d2c8f641	t13:r19:c2|rev=2026-09-01T11:29:48.000Z	"Kilograms | 4.80"
5839	C9200L-48PXG-2Y-A	write	C9200L-48PXG-2Y	5.71	kg	html_table	de692de8d2c8f641	t13:r23:c2|rev=2026-09-01T11:29:48.000Z	"Kilograms | 5.71"
5838	C9200L-48PXG-2Y-E	write	C9200L-48PXG-2Y	5.71	kg	html_table	de692de8d2c8f641	t13:r23:c2|rev=2026-09-01T11:29:48.000Z	"Kilograms | 5.71"
5835	C9200L-48PXG-4X-A	write	C9200L-48PXG-4X	5.71	kg	html_table	de692de8d2c8f641	t13:r22:c2|rev=2026-09-01T11:29:48.000Z	"Kilograms | 5.71"
5834	C9200L-48PXG-4X-E	write	C9200L-48PXG-4X	5.71	kg	html_table	de692de8d2c8f641	t13:r22:c2|rev=2026-09-01T11:29:48.000Z	"Kilograms | 5.71"
5816	C9200L-48T-4G-A	write	C9200L-48T-4G	4.53	kg	html_table	de692de8d2c8f641	t13:r12:c2|rev=2026-09-01T11:29:48.000Z	"Kilograms | 4.53"
5817	C9200L-48T-4G-E	write	C9200L-48T-4G	4.53	kg	html_table	de692de8d2c8f641	t13:r12:c2|rev=2026-09-01T11:29:48.000Z	"Kilograms | 4.53"
5826	C9200L-48T-4X-A	write	C9200L-48T-4X	4.53	kg	html_table	de692de8d2c8f641	t13:r17:c2|rev=2026-09-01T11:29:48.000Z	"Kilograms | 4.53"
5827	C9200L-48T-4X-E	write	C9200L-48T-4X	4.53	kg	html_table	de692de8d2c8f641	t13:r17:c2|rev=2026-09-01T11:29:48.000Z	"Kilograms | 4.53"
5604	C9300-24H-A	write	C9300-24H	7.54	kg	html_table	638d72c59601332b	t19:r89:c2	"7.54"
5603	C9300-24H-E	write	C9300-24H	7.54	kg	html_table	638d72c59601332b	t19:r89:c2	"7.54"
5594	C9300-24P-A	write	C9300-24P	7.4	kg	html_table	638d72c59601332b	t19:r84:c2	"7.4"
5593	C9300-24P-E	write	C9300-24P	7.4	kg	html_table	638d72c59601332b	t19:r84:c2	"7.4"
5632	C9300-24S-A	write	C9300-24S	7.64	kg	html_table	638d72c59601332b	t19:r97:c2	"7.64"
5631	C9300-24S-E	write	C9300-24S	7.64	kg	html_table	638d72c59601332b	t19:r97:c2	"7.64"
5591	C9300-24T-A	write	C9300-24T	7.27	kg	html_table	638d72c59601332b	t19:r83:c2	"7.27"
5590	C9300-24T-E	write	C9300-24T	7.27	kg	html_table	638d72c59601332b	t19:r83:c2	"7.27"
5597	C9300-24U-A	write	C9300-24U	7.54	kg	html_table	638d72c59601332b	t19:r85:c2	"7.54"
5596	C9300-24U-E	write	C9300-24U	7.54	kg	html_table	638d72c59601332b	t19:r85:c2	"7.54"
5600	C9300-24UB-A	write	C9300-24UB	7.54	kg	html_table	638d72c59601332b	t19:r87:c2	"7.54"
5599	C9300-24UB-E	write	C9300-24UB	7.54	kg	html_table	638d72c59601332b	t19:r87:c2	"7.54"
5606	C9300-24UX-A	write	C9300-24UX	8.25	kg	html_table	638d72c59601332b	t19:r86:c2	"8.25"
5605	C9300-24UX-E	write	C9300-24UX	8.25	kg	html_table	638d72c59601332b	t19:r86:c2	"8.25"
5609	C9300-24UXB-A	write	C9300-24UXB	8.25	kg	html_table	638d72c59601332b	t19:r88:c2	"8.25"
5608	C9300-24UXB-E	write	C9300-24UXB	8.25	kg	html_table	638d72c59601332b	t19:r88:c2	"8.25"
5624	C9300-48H-A	write	C9300-48H	7.72	kg	html_table	638d72c59601332b	t19:r96:c2	"7.72"
5623	C9300-48H-E	write	C9300-48H	7.72	kg	html_table	638d72c59601332b	t19:r96:c2	"7.72"
5614	C9300-48P-A	write	C9300-48P	7.59	kg	html_table	638d72c59601332b	t19:r91:c2	"7.59"
5613	C9300-48P-E	write	C9300-48P	7.59	kg	html_table	638d72c59601332b	t19:r91:c2	"7.59"
5635	C9300-48S-A	write	C9300-48S	7.86	kg	html_table	638d72c59601332b	t19:r98:c2	"7.86"
5634	C9300-48S-E	write	C9300-48S	7.86	kg	html_table	638d72c59601332b	t19:r98:c2	"7.86"
5611	C9300-48T-A	write	C9300-48T	7.45	kg	html_table	638d72c59601332b	t19:r90:c2	"7.45"
5610	C9300-48T-E	write	C9300-48T	7.45	kg	html_table	638d72c59601332b	t19:r90:c2	"7.45"
5617	C9300-48U-A	write	C9300-48U	7.72	kg	html_table	638d72c59601332b	t19:r92:c2	"7.72"
5616	C9300-48U-E	write	C9300-48U	7.72	kg	html_table	638d72c59601332b	t19:r92:c2	"7.72"
5620	C9300-48UB-A	write	C9300-48UB	7.72	kg	html_table	638d72c59601332b	t19:r95:c2	"7.72"
5619	C9300-48UB-E	write	C9300-48UB	7.72	kg	html_table	638d72c59601332b	t19:r95:c2	"7.72"
5629	C9300-48UN-A	write	C9300-48UN	9.09	kg	html_table	638d72c59601332b	t19:r94:c2	"9.09"
5628	C9300-48UN-E	write	C9300-48UN	9.09	kg	html_table	638d72c59601332b	t19:r94:c2	"9.09"
5626	C9300-48UXM-A	write	C9300-48UXM	9.34	kg	html_table	638d72c59601332b	t19:r93:c2	"9.34"
5625	C9300-48UXM-E	write	C9300-48UXM	9.34	kg	html_table	638d72c59601332b	t19:r93:c2	"9.34"
5640	C9300L-24P-4G-A	write	C9300L-24P-4G	6.81	kg	html_table	638d72c59601332b	t19:r107:c2	"6.81"
5639	C9300L-24P-4G-E	write	C9300L-24P-4G	6.81	kg	html_table	638d72c59601332b	t19:r107:c2	"6.81"
5651	C9300L-24P-4X-A	write	C9300L-24P-4X	6.81	kg	html_table	638d72c59601332b	t19:r108:c2	"6.81"
5650	C9300L-24P-4X-E	write	C9300L-24P-4X	6.81	kg	html_table	638d72c59601332b	t19:r108:c2	"6.81"
5638	C9300L-24T-4G-A	write	C9300L-24T-4G	6.78	kg	html_table	638d72c59601332b	t19:r103:c2	"6.78"
5637	C9300L-24T-4G-E	write	C9300L-24T-4G	6.78	kg	html_table	638d72c59601332b	t19:r103:c2	"6.78"
5648	C9300L-24T-4X-A	write	C9300L-24T-4X	6.78	kg	html_table	638d72c59601332b	t19:r104:c2	"6.78"
5647	C9300L-24T-4X-E	write	C9300L-24T-4X	6.78	kg	html_table	638d72c59601332b	t19:r104:c2	"6.78"
5669	C9300L-24UXG-2Q-A	write	C9300L-24UXG-2Q	7.26	kg	html_table	638d72c59601332b	t19:r114:c2	"7.26"
5668	C9300L-24UXG-2Q-E	write	C9300L-24UXG-2Q	7.26	kg	html_table	638d72c59601332b	t19:r114:c2	"7.26"
5654	C9300L-24UXG-4X-A	write	C9300L-24UXG-4X	7.13	kg	html_table	638d72c59601332b	t19:r113:c2	"7.13"
5653	C9300L-24UXG-4X-E	write	C9300L-24UXG-4X	7.13	kg	html_table	638d72c59601332b	t19:r113:c2	"7.13"
5644	C9300L-48P-4G-A	write	C9300L-48P-4G	7.03	kg	html_table	638d72c59601332b	t19:r109:c2	"7.03"
5643	C9300L-48P-4G-E	write	C9300L-48P-4G	7.03	kg	html_table	638d72c59601332b	t19:r109:c2	"7.03"
5660	C9300L-48P-4X-A	write	C9300L-48P-4X	7.03	kg	html_table	638d72c59601332b	t19:r110:c2	"7.03"
5659	C9300L-48P-4X-E	write	C9300L-48P-4X	7.03	kg	html_table	638d72c59601332b	t19:r110:c2	"7.03"
5646	C9300L-48PF-4G-A	write	C9300L-48PF-4G	7.03	kg	html_table	638d72c59601332b	t19:r111:c2	"7.03"
5645	C9300L-48PF-4G-E	write	C9300L-48PF-4G	7.03	kg	html_table	638d72c59601332b	t19:r111:c2	"7.03"
5663	C9300L-48PF-4X-A	write	C9300L-48PF-4X	7.03	kg	html_table	638d72c59601332b	t19:r112:c2	"7.03"
5662	C9300L-48PF-4X-E	write	C9300L-48PF-4X	7.03	kg	html_table	638d72c59601332b	t19:r112:c2	"7.03"
5642	C9300L-48T-4G-A	write	C9300L-48T-4G	7	kg	html_table	638d72c59601332b	t19:r105:c2	"7.0"
5641	C9300L-48T-4G-E	write	C9300L-48T-4G	7	kg	html_table	638d72c59601332b	t19:r105:c2	"7.0"
5657	C9300L-48T-4X-A	write	C9300L-48T-4X	7	kg	html_table	638d72c59601332b	t19:r106:c2	"7.0"
5656	C9300L-48T-4X-E	write	C9300L-48T-4X	7	kg	html_table	638d72c59601332b	t19:r106:c2	"7.0"
5671	C9300L-48UXG-2Q-A	write	C9300L-48UXG-2Q	7.65	kg	html_table	638d72c59601332b	t19:r116:c2	"7.65"
5670	C9300L-48UXG-2Q-E	write	C9300L-48UXG-2Q	7.65	kg	html_table	638d72c59601332b	t19:r116:c2	"7.65"
5666	C9300L-48UXG-4X-A	write	C9300L-48UXG-4X	7.65	kg	html_table	638d72c59601332b	t19:r115:c2	"7.65"
5665	C9300L-48UXG-4X-E	write	C9300L-48UXG-4X	7.65	kg	html_table	638d72c59601332b	t19:r115:c2	"7.65"
5679	C9300LM-24U-4Y-A	write	C9300LM-24U-4Y	5.21	kg	html_table	638d72c59601332b	t19:r101:c2	"5.21"
5678	C9300LM-24U-4Y-E	write	C9300LM-24U-4Y	5.21	kg	html_table	638d72c59601332b	t19:r101:c2	"5.21"
5677	C9300LM-48T-4Y-A	write	C9300LM-48T-4Y	4.99	kg	html_table	638d72c59601332b	t19:r102:c2	"4.99"
5676	C9300LM-48T-4Y-E	write	C9300LM-48T-4Y	4.99	kg	html_table	638d72c59601332b	t19:r102:c2	"4.99"
5675	C9300LM-48U-4Y-A	write	C9300LM-48U-4Y	5.45	kg	html_table	638d72c59601332b	t19:r100:c2	"5.45"
5674	C9300LM-48U-4Y-E	write	C9300LM-48U-4Y	5.45	kg	html_table	638d72c59601332b	t19:r100:c2	"5.45"
5673	C9300LM-48UX-4Y-A	write	C9300LM-48UX-4Y	5.45	kg	html_table	638d72c59601332b	t19:r99:c2	"5.45"
5672	C9300LM-48UX-4Y-E	write	C9300LM-48UX-4Y	5.45	kg	html_table	638d72c59601332b	t19:r99:c2	"5.45"
5585	C9300X-12Y-A	write	C9300X-12Y	6.8	kg	html_table	638d72c59601332b	t19:r81:c2	"6.80"
5584	C9300X-12Y-E	write	C9300X-12Y	6.8	kg	html_table	638d72c59601332b	t19:r81:c2	"6.80"
5582	C9300X-24HX-A	write	C9300X-24HX	6.25	kg	html_table	638d72c59601332b	t19:r80:c2	"6.25"
5581	C9300X-24HX-E	write	C9300X-24HX	6.25	kg	html_table	638d72c59601332b	t19:r80:c2	"6.25"
5588	C9300X-24Y-A	write	C9300X-24Y	7.35	kg	html_table	638d72c59601332b	t19:r82:c2	"7.35"
5587	C9300X-24Y-E	write	C9300X-24Y	7.35	kg	html_table	638d72c59601332b	t19:r82:c2	"7.35"
5573	C9300X-48HX-A	write	C9300X-48HX	6.62	kg	html_table	638d72c59601332b	t19:r77:c2	"6.62"
5572	C9300X-48HX-E	write	C9300X-48HX	6.62	kg	html_table	638d72c59601332b	t19:r77:c2	"6.62"
5579	C9300X-48HXN-A	write	C9300X-48HXN	6.44	kg	html_table	638d72c59601332b	t19:r79:c2	"6.44"
5578	C9300X-48HXN-E	write	C9300X-48HXN	6.44	kg	html_table	638d72c59601332b	t19:r79:c2	"6.44"
5576	C9300X-48TX-A	write	C9300X-48TX	6.62	kg	html_table	638d72c59601332b	t19:r78:c2	"6.62"
5575	C9300X-48TX-E	write	C9300X-48TX	6.62	kg	html_table	638d72c59601332b	t19:r78:c2	"6.62"
3936	IE-3400H-16FT-A	write	IE-3400H-16FT	5.102914	kg	html_table	08a17028631b331a	t4:r2:c3	"11.25 lb 5.10 kg"
3935	IE-3400H-16FT-E	write	IE-3400H-16FT	5.102914	kg	html_table	08a17028631b331a	t4:r2:c3	"11.25 lb 5.10 kg"
3942	IE-3400H-16T-A	write	IE-3400H-16T	5.102914	kg	html_table	08a17028631b331a	t4:r2:c4	"11.25 lb 5.10 kg"
3941	IE-3400H-16T-E	write	IE-3400H-16T	5.102914	kg	html_table	08a17028631b331a	t4:r2:c4	"11.25 lb 5.10 kg"
3938	IE-3400H-24FT-A	write	IE-3400H-24FT	6.304934	kg	html_table	08a17028631b331a	t4:r2:c5	"13.90 lb 6.30 kg"
3937	IE-3400H-24FT-E	write	IE-3400H-24FT	6.304934	kg	html_table	08a17028631b331a	t4:r2:c5	"13.90 lb 6.30 kg"
3944	IE-3400H-24T-A	write	IE-3400H-24T	6.304934	kg	html_table	08a17028631b331a	t4:r2:c6	"13.90 lb 6.30 kg"
3943	IE-3400H-24T-E	write	IE-3400H-24T	6.304934	kg	html_table	08a17028631b331a	t4:r2:c6	"13.90 lb 6.30 kg"
3934	IE-3400H-8FT-A	write	IE-3400H-8FT	3.832856	kg	html_table	08a17028631b331a	t4:r2:c1	"8.45 lb 3.83 kg"
3933	IE-3400H-8FT-E	write	IE-3400H-8FT	3.832856	kg	html_table	08a17028631b331a	t4:r2:c1	"8.45 lb 3.83 kg"
3940	IE-3400H-8T-A	write	IE-3400H-8T	3.832856	kg	html_table	08a17028631b331a	t4:r2:c2	"8.45 lb 3.83 kg"
3939	IE-3400H-8T-E	write	IE-3400H-8T	3.832856	kg	html_table	08a17028631b331a	t4:r2:c2	"8.45 lb 3.83 kg"
3968	IE-3500-8P3S-A	write	IE-3500-8P3S	1.76901	kg	html_table	b8622078cd3085fd	t5:r2:c2	"3.90 lbs 1.77 kgs"
3967	IE-3500-8P3S-E	write	IE-3500-8P3S	1.76901	kg	html_table	b8622078cd3085fd	t5:r2:c2	"3.90 lbs 1.77 kgs"
3966	IE-3500-8T3S-A	write	IE-3500-8T3S	1.76901	kg	html_table	b8622078cd3085fd	t5:r1:c2	"3.90 lbs 1.77 kgs"
3965	IE-3500-8T3S-E	write	IE-3500-8T3S	1.76901	kg	html_table	b8622078cd3085fd	t5:r1:c2	"3.90 lbs 1.77 kgs"
3974	IE-3500-8T3X-A	write	IE-3500-8T3X	2.131884	kg	html_table	b8622078cd3085fd	t5:r5:c2	"4.70 lbs 2.13 kgs"
3973	IE-3500-8T3X-E	write	IE-3500-8T3X	2.131884	kg	html_table	b8622078cd3085fd	t5:r5:c2	"4.70 lbs 2.13 kgs"
3976	IE-3500-8U3X-A	write	IE-3500-8U3X	2.290641	kg	html_table	b8622078cd3085fd	t5:r6:c2	"5.05 lbs 2.29 kgs"
3975	IE-3500-8U3X-E	write	IE-3500-8U3X	2.290641	kg	html_table	b8622078cd3085fd	t5:r6:c2	"5.05 lbs 2.29 kgs"
3956	IE-3500H-12FT4T-A	write	IE-3500H-12FT4T	5.102914	kg	html_table	de20866285786429	t4:r2:c4	"11.25 lb 5.10 kg"
3955	IE-3500H-12FT4T-E	write	IE-3500H-12FT4T	5.102914	kg	html_table	de20866285786429	t4:r2:c4	"11.25 lb 5.10 kg"
3960	IE-3500H-14P2T-A	write	IE-3500H-14P2T	5.102914	kg	html_table	de20866285786429	t4:r2:c6	"11.25 lb 5.10 kg"
3959	IE-3500H-14P2T-E	write	IE-3500H-14P2T	5.102914	kg	html_table	de20866285786429	t4:r2:c6	"11.25 lb 5.10 kg"
3952	IE-3500H-16T-A	write	IE-3500H-16T	5.102914	kg	html_table	de20866285786429	t4:r2:c2	"11.25 lb 5.10 kg"
3951	IE-3500H-16T-E	write	IE-3500H-16T	5.102914	kg	html_table	de20866285786429	t4:r2:c2	"11.25 lb 5.10 kg"
3958	IE-3500H-20FT4T-A	write	IE-3500H-20FT4T	6.304934	kg	html_table	de20866285786429	t4:r2:c5	"13.90 lb 6.30 kg"
3957	IE-3500H-20FT4T-E	write	IE-3500H-20FT4T	6.304934	kg	html_table	de20866285786429	t4:r2:c5	"13.90 lb 6.30 kg"
3954	IE-3500H-24T-A	write	IE-3500H-24T	6.304934	kg	html_table	de20866285786429	t4:r2:c3	"13.90 lb 6.30 kg"
3953	IE-3500H-24T-E	write	IE-3500H-24T	6.304934	kg	html_table	de20866285786429	t4:r2:c3	"13.90 lb 6.30 kg"
3950	IE-3500H-8T-A	write	IE-3500H-8T	3.832856	kg	html_table	de20866285786429	t4:r2:c1	"8.45 lb 3.83 kg"
3949	IE-3500H-8T-E	write	IE-3500H-8T	3.832856	kg	html_table	de20866285786429	t4:r2:c1	"8.45 lb 3.83 kg"
3972	IE-3505-8P3S-A	write	IE-3505-8P3S	1.973127	kg	html_table	b8622078cd3085fd	t5:r4:c2	"4.35 lbs 1.97kgs"
3971	IE-3505-8P3S-E	write	IE-3505-8P3S	1.973127	kg	html_table	b8622078cd3085fd	t5:r4:c2	"4.35 lbs 1.97kgs"
3970	IE-3505-8T3S-A	write	IE-3505-8T3S	1.79169	kg	html_table	b8622078cd3085fd	t5:r3:c2	"3.95 lbs 1.79 kgs"
3969	IE-3505-8T3S-E	write	IE-3505-8T3S	1.79169	kg	html_table	b8622078cd3085fd	t5:r3:c2	"3.95 lbs 1.79 kgs"
3964	IE-3505H-16T-A	write	IE-3505H-16T	5.102914	kg	html_table	de20866285786429	t4:r2:c8	"11.25 lb 5.10 kg"
3963	IE-3505H-16T-E	write	IE-3505H-16T	5.102914	kg	html_table	de20866285786429	t4:r2:c8	"11.25 lb 5.10 kg"
