fact_id	tier	prior_state	new_state
33041	0	corroborated	verified
33226	0	corroborated	verified
143380	2	verified	corroborated
148363	2	verified	corroborated
72749	2	verified	corroborated
198288	2	corroborated	verified
198289	2	corroborated	verified
49716	0	corroborated	verified
37989	0	corroborated	verified
38011	0	corroborated	verified
38076	0	corroborated	verified
38119	0	corroborated	verified
38163	0	corroborated	verified
38206	0	corroborated	verified
38228	0	corroborated	verified
145932	2	verified	corroborated
72815	2	verified	corroborated
198285	2	corroborated	verified
72994	2	verified	corroborated
198286	2	corroborated	verified
145922	2	verified	corroborated
64514	0	verified	corroborated
64579	0	verified	corroborated
43894	2	verified	corroborated
37788	0	corroborated	verified
32508	0	corroborated	verified
38634	0	corroborated	verified
33330	0	corroborated	verified
33309	0	corroborated	verified
33020	0	corroborated	verified
35957	0	corroborated	verified
37764	0	corroborated	verified
33351	0	corroborated	verified
35515	0	corroborated	verified
35534	0	corroborated	verified
152797	2	verified	corroborated
152798	2	verified	corroborated
35646	0	corroborated	verified
35627	0	corroborated	verified
35665	0	corroborated	verified
35833	0	corroborated	verified
35908	0	corroborated	verified
153419	2	verified	corroborated
32752	0	corroborated	verified
32876	0	corroborated	verified
32917	0	corroborated	verified
198706	2	corroborated	verified
198708	2	corroborated	verified
198711	2	corroborated	verified
111434	2	corroborated	verified
152157	2	verified	corroborated
42896	0	corroborated	verified
42913	0	corroborated	verified
143587	2	verified	corroborated
116641	2	corroborated	verified
35172	0	corroborated	verified
35215	0	corroborated	verified
37651	0	corroborated	verified
36921	0	corroborated	verified
37011	0	corroborated	verified
84970	2	corroborated	verified
37086	0	corroborated	verified
177133	2	corroborated	verified
41584	0	corroborated	verified
40902	0	corroborated	verified
41404	0	corroborated	verified
40862	0	corroborated	verified
41002	0	corroborated	verified
40962	0	corroborated	verified
41644	0	corroborated	verified
41624	0	corroborated	verified
40822	0	corroborated	verified
40782	0	corroborated	verified
41444	0	corroborated	verified
85079	2	corroborated	verified
42091	0	corroborated	verified
42097	0	corroborated	verified
42110	0	corroborated	verified
42116	0	corroborated	verified
41863	0	corroborated	verified
41844	0	corroborated	verified
42053	0	corroborated	verified
42059	0	corroborated	verified
145987	2	verified	corroborated
50203	0	corroborated	verified
50229	0	corroborated	verified
50617	0	corroborated	verified
51064	0	corroborated	verified
111130	2	corroborated	verified
49531	0	corroborated	verified
36005	0	corroborated	verified
145748	2	verified	corroborated
152154	2	verified	corroborated
145747	2	verified	corroborated
145767	2	verified	corroborated
84764	2	corroborated	verified
177648	2	corroborated	verified
143374	2	verified	corroborated
143377	2	verified	corroborated
145771	2	verified	corroborated
143408	2	verified	corroborated
32379	0	corroborated	verified
77166	2	corroborated	verified
32431	0	corroborated	verified
152787	2	verified	corroborated
152788	2	verified	corroborated
144301	2	verified	corroborated
144307	2	verified	corroborated
116608	2	corroborated	verified
177326	2	corroborated	verified
84861	2	corroborated	verified
148351	2	verified	corroborated
145774	2	verified	corroborated
177642	2	corroborated	verified
110038	2	corroborated	verified
40081	0	corroborated	verified
152152	2	verified	corroborated
145758	2	verified	corroborated
145764	2	verified	corroborated
40113	0	corroborated	verified
145772	2	verified	corroborated
144836	2	verified	corroborated
101015	2	corroborated	verified
145751	2	verified	corroborated
145763	2	verified	corroborated
145766	2	verified	corroborated
145773	2	verified	corroborated
32366	0	corroborated	verified
111774	2	corroborated	verified
145877	2	verified	corroborated
145982	2	verified	corroborated
91354	2	corroborated	verified
111631	2	corroborated	verified
144304	2	verified	corroborated
143356	2	verified	corroborated
144310	2	verified	corroborated
143371	2	verified	corroborated
116722	2	corroborated	verified
177129	2	corroborated	verified
38054	0	corroborated	verified
35041	0	corroborated	verified
117048	2	corroborated	verified
145759	2	verified	corroborated
36021	0	corroborated	verified
37071	0	corroborated	verified
36966	0	corroborated	verified
36936	0	corroborated	verified
37035	0	corroborated	verified
37041	0	corroborated	verified
37026	0	corroborated	verified
37293	0	corroborated	verified
37299	0	corroborated	verified
41901	0	corroborated	verified
101166	2	corroborated	verified
152151	2	verified	corroborated
184243	2	corroborated	verified
111187	2	corroborated	verified
145937	2	verified	corroborated
37425	0	corroborated	verified
37431	0	corroborated	verified
36423	0	corroborated	verified
37123	0	corroborated	verified
37469	0	corroborated	verified
37475	0	corroborated	verified
37167	0	corroborated	verified
37491	0	corroborated	verified
37497	0	corroborated	verified
37513	0	corroborated	verified
37519	0	corroborated	verified
42314	0	corroborated	verified
42308	0	corroborated	verified
42034	0	corroborated	verified
42040	0	corroborated	verified
116239	2	corroborated	verified
50435	0	corroborated	verified
35128	0	corroborated	verified
50971	0	corroborated	verified
51025	0	corroborated	verified
51007	0	corroborated	verified
101189	2	corroborated	verified
152150	2	verified	corroborated
37800	0	corroborated	verified
84859	2	corroborated	verified
84860	2	corroborated	verified
198709	2	corroborated	verified
177322	2	corroborated	verified
177338	2	corroborated	verified
36357	0	corroborated	verified
37359	0	corroborated	verified
37365	0	corroborated	verified
184059	2	corroborated	verified
145927	2	verified	corroborated
41564	0	corroborated	verified
32711	0	corroborated	verified
37189	0	corroborated	verified
42468	0	corroborated	verified
42474	0	corroborated	verified
33186	0	corroborated	verified
42388	0	corroborated	verified
42394	0	corroborated	verified
42328	0	corroborated	verified
42334	0	corroborated	verified
33288	0	corroborated	verified
145867	2	verified	corroborated
148794	2	verified	corroborated
148348	2	verified	corroborated
50471	0	corroborated	verified
50713	0	corroborated	verified
33372	0	corroborated	verified
72807	2	verified	corroborated
198284	2	corroborated	verified
50490	0	corroborated	verified
53877	0	corroborated	verified
53883	0	corroborated	verified
33534	0	corroborated	verified
41524	0	corroborated	verified
37666	0	corroborated	verified
37696	0	corroborated	verified
35889	0	corroborated	verified
111617	2	corroborated	verified
37735	0	corroborated	verified
37741	0	corroborated	verified
42288	0	corroborated	verified
42294	0	corroborated	verified
42448	0	corroborated	verified
42454	0	corroborated	verified
41939	0	corroborated	verified
42528	0	corroborated	verified
42534	0	corroborated	verified
36445	0	corroborated	verified
145750	2	verified	corroborated
152153	2	verified	corroborated
184286	2	corroborated	verified
116221	2	corroborated	verified
116624	2	corroborated	verified
116405	2	corroborated	verified
116925	2	corroborated	verified
145882	2	verified	corroborated
114062	2	corroborated	verified
152155	2	verified	corroborated
116977	2	corroborated	verified
145768	2	verified	corroborated
145769	2	verified	corroborated
101009	2	corroborated	verified
101398	2	corroborated	verified
101196	2	corroborated	verified
145992	2	verified	corroborated
177330	2	corroborated	verified
42709	0	corroborated	verified
49558	0	corroborated	verified
53845	0	corroborated	verified
87662	2	corroborated	verified
87667	2	corroborated	verified
87650	2	corroborated	verified
37607	0	corroborated	verified
41484	0	corroborated	verified
36951	0	corroborated	verified
41882	0	corroborated	verified
40065	0	corroborated	verified
32547	0	corroborated	verified
32457	0	corroborated	verified
42619	0	corroborated	verified
32316	0	corroborated	verified
32328	0	corroborated	verified
32814	0	corroborated	verified
36247	0	corroborated	verified
33915	0	corroborated	verified
38469	0	corroborated	verified
33082	0	corroborated	verified
33144	0	corroborated	verified
49289	0	corroborated	verified
33969	0	corroborated	verified
53861	0	corroborated	verified
36291	0	corroborated	verified
53853	0	corroborated	verified
32649	0	corroborated	verified
32958	0	corroborated	verified
40882	0	corroborated	verified
41920	0	corroborated	verified
152148	2	verified	corroborated
145872	2	verified	corroborated
35721	0	corroborated	verified
38505	0	corroborated	verified
40097	0	corroborated	verified
33901	0	corroborated	verified
37563	0	corroborated	verified
37249	0	corroborated	verified
37255	0	corroborated	verified
35814	0	corroborated	verified
37101	0	corroborated	verified
32534	0	corroborated	verified
41684	0	corroborated	verified
42548	0	corroborated	verified
42554	0	corroborated	verified
41364	0	corroborated	verified
42268	0	corroborated	verified
42274	0	corroborated	verified
42174	0	corroborated	verified
35989	0	corroborated	verified
49268	0	corroborated	verified
49785	0	corroborated	verified
32469	0	corroborated	verified
50453	0	corroborated	verified
50918	0	corroborated	verified
40802	0	corroborated	verified
42194	0	corroborated	verified
42234	0	corroborated	verified
42488	0	corroborated	verified
42494	0	corroborated	verified
42129	0	corroborated	verified
42135	0	corroborated	verified
41730	0	corroborated	verified
36335	0	corroborated	verified
42508	0	corroborated	verified
42514	0	corroborated	verified
32292	0	corroborated	verified
32773	0	corroborated	verified
32596	0	corroborated	verified
32979	0	corroborated	verified
33103	0	corroborated	verified
76240	2	corroborated	verified
33165	0	corroborated	verified
40842	0	corroborated	verified
41664	0	corroborated	verified
41825	0	corroborated	verified
77352	2	corroborated	verified
77988	2	corroborated	verified
50593	0	corroborated	verified
51043	0	corroborated	verified
35237	0	corroborated	verified
37535	0	corroborated	verified
37541	0	corroborated	verified
36467	0	corroborated	verified
41704	0	corroborated	verified
41504	0	corroborated	verified
37705	0	corroborated	verified
37711	0	corroborated	verified
37681	0	corroborated	verified
36975	0	corroborated	verified
36981	0	corroborated	verified
53869	0	corroborated	verified
37227	0	corroborated	verified
37233	0	corroborated	verified
53891	0	corroborated	verified
53899	0	corroborated	verified
144298	2	verified	corroborated
42609	0	corroborated	verified
148354	2	verified	corroborated
35740	0	corroborated	verified
36511	0	corroborated	verified
109636	2	corroborated	verified
37145	0	corroborated	verified
37337	0	corroborated	verified
37343	0	corroborated	verified
37403	0	corroborated	verified
37409	0	corroborated	verified
32572	0	corroborated	verified
33643	0	corroborated	verified
33955	0	corroborated	verified
111490	2	corroborated	verified
35063	0	corroborated	verified
35150	0	corroborated	verified
35259	0	corroborated	verified
111943	2	corroborated	verified
35702	0	corroborated	verified
110882	2	corroborated	verified
64998	0	verified	corroborated
35973	0	corroborated	verified
36489	0	corroborated	verified
36555	0	corroborated	verified
117088	2	corroborated	verified
116905	2	corroborated	verified
37211	0	corroborated	verified
37271	0	corroborated	verified
37277	0	corroborated	verified
37381	0	corroborated	verified
37387	0	corroborated	verified
37585	0	corroborated	verified
37629	0	corroborated	verified
38487	0	corroborated	verified
38496	0	corroborated	verified
36379	0	corroborated	verified
37447	0	corroborated	verified
37453	0	corroborated	verified
41464	0	corroborated	verified
42072	0	corroborated	verified
42078	0	corroborated	verified
42930	0	corroborated	verified
49309	0	corroborated	verified
50884	0	corroborated	verified
32418	0	corroborated	verified
32495	0	corroborated	verified
32304	0	corroborated	verified
33247	0	corroborated	verified
36533	0	corroborated	verified
41544	0	corroborated	verified
41604	0	corroborated	verified
42599	0	corroborated	verified
148342	2	verified	corroborated
109239	2	corroborated	verified
41424	0	corroborated	verified
41806	0	corroborated	verified
42428	0	corroborated	verified
42434	0	corroborated	verified
111216	2	corroborated	verified
184202	2	corroborated	verified
148357	2	verified	corroborated
38478	0	corroborated	verified
111917	2	corroborated	verified
198707	2	corroborated	verified
32392	0	corroborated	verified
101265	2	corroborated	verified
77878	2	corroborated	verified
148345	2	verified	corroborated
148360	2	verified	corroborated
33670	0	corroborated	verified
35106	0	corroborated	verified
41787	0	corroborated	verified
40942	0	corroborated	verified
40922	0	corroborated	verified
41384	0	corroborated	verified
152156	2	verified	corroborated
148793	2	verified	corroborated
43909	2	verified	corroborated
145770	2	verified	corroborated
116827	2	corroborated	verified
76215	2	corroborated	verified
41749	0	corroborated	verified
101191	2	corroborated	verified
184287	2	corroborated	verified
35590	0	corroborated	verified
77293	2	corroborated	verified
87682	2	corroborated	verified
38141	0	corroborated	verified
42368	0	corroborated	verified
42374	0	corroborated	verified
35571	0	corroborated	verified
42214	0	corroborated	verified
144840	2	verified	corroborated
152461	2	verified	corroborated
37776	0	corroborated	verified
145756	2	verified	corroborated
32670	0	corroborated	verified
198710	2	corroborated	verified
145812	2	verified	corroborated
49808	0	corroborated	verified
101412	2	corroborated	verified
84659	2	corroborated	verified
146002	2	verified	corroborated
146007	2	verified	corroborated
146012	2	verified	corroborated
110582	2	corroborated	verified
41768	0	corroborated	verified
36313	0	corroborated	verified
36401	0	corroborated	verified
143583	2	verified	corroborated
145755	2	verified	corroborated
37315	0	corroborated	verified
37321	0	corroborated	verified
147639	2	verified	corroborated
42348	0	corroborated	verified
42354	0	corroborated	verified
145817	2	verified	corroborated
152149	2	verified	corroborated
84729	2	corroborated	verified
85040	2	corroborated	verified
145749	2	verified	corroborated
87675	2	corroborated	verified
144316	2	verified	corroborated
198287	2	corroborated	verified
145757	2	verified	corroborated
145746	2	verified	corroborated
145752	2	verified	corroborated
145753	2	verified	corroborated
145754	2	verified	corroborated
145761	2	verified	corroborated
145765	2	verified	corroborated
145967	2	verified	corroborated
32855	0	corroborated	verified
146017	2	verified	corroborated
111724	2	corroborated	verified
153417	2	verified	corroborated
36269	0	corroborated	verified
177334	2	corroborated	verified
145762	2	verified	corroborated
40982	0	corroborated	verified
78053	2	corroborated	verified
84683	2	corroborated	verified
85075	2	corroborated	verified
145760	2	verified	corroborated
42254	0	corroborated	verified
145807	2	verified	corroborated
152795	2	verified	corroborated
152796	2	verified	corroborated
84722	2	corroborated	verified
84723	2	corroborated	verified
143411	2	verified	corroborated
144295	2	verified	corroborated
42408	0	corroborated	verified
42414	0	corroborated	verified
42154	0	corroborated	verified
110732	2	corroborated	verified
