conflict_id	sku	field	resolution
2082	CMICR-4PT	mounting	no-held-value
2083	AIR-ANT25137NP-R4=	radio_bands	no-held-value
2084	AIR-ANT2547VG-N	radio_bands	no-held-value
2085	AIR-ANT2524DW-R	radio_bands	no-held-value
2086	AIR-ANT2588P3M-N=	radio_bands	no-held-value
2088	AIR-ANT25137NP-R=	radio_bands	no-held-value
2089	AIR-ANT2535SDW-R	radio_bands	no-held-value
2090	AIR-ANT2513P4M-NS=	radio_bands	no-held-value
2091	AIR-ANT2524DG-R	radio_bands	no-held-value
2092	AIR-ANT2524DW-RS	radio_bands	no-held-value
2093	AIR-ANT2535SDW-RS	radio_bands	no-held-value
2094	AIR-ANT2513P4M-N=	radio_bands	no-held-value
2095	C-ANT9104=	radio_bands	no-held-value
2114	CABLE-16TDM-C-L2	cable_length	no-held-value
2115	CABLE-16TDM-C-RL2	cable_length	no-held-value
2116	CABLE-16TDM-C-RL1	cable_length	no-held-value
2117	CABLE-16TDM-L3	cable_length	no-held-value
2118	CABLE-16TDM-C-RL4	cable_length	no-held-value
2119	CABLE-16TDM-L1	cable_length	no-held-value
2120	CABLE-16TDM-L2	cable_length	no-held-value
2121	CABLE-16TDM-C-L4	cable_length	no-held-value
2122	CABLE-16TDM-C-RL3	cable_length	no-held-value
2123	CABLE-16TDM-C	cable_length	no-held-value
2124	CABLE-16TDM-L4	cable_length	no-held-value
2125	CABLE-16TDM-C-L1	cable_length	no-held-value
2126	CABLE-16TDM-C-L3	cable_length	no-held-value
2127	CBS110-5T-D	mounting	no-held-value
2128	CBS110-8T-D	mounting	no-held-value
2129	CBS110-8PP-D	mounting	no-held-value
2131	CW9178I	radio_bands	no-held-value
2133	CW9174E	radio_bands	no-held-value
2134	CW9174I	radio_bands	no-held-value
2135	DWDM-SFP10G-E-I=	itu_channel	no-held-value
2162	ONS-SC-Z3-xxxx=	supported_protocols	no-held-value
2163	ONS-SC-2G-xx.x=	supported_protocols	no-held-value
2164	ONS-XC-10G-S1=	supported_protocols	no-held-value
2166	ONS-SI-155-L2=	supported_protocols	no-held-value
2167	ONS-SI-622-I1=	supported_protocols	no-held-value
2168	ONS-XC-10G-xx.x=	supported_protocols	no-held-value
2169	ONS-SI-2G-L2=	supported_protocols	no-held-value
2170	ONS-SI-2G-S1=	supported_protocols	no-held-value
2171	SF110D-05-xx	mounting	no-held-value
2172	SF110D-08HP-xx	mounting	no-held-value
2173	SF110D-08-xx	mounting	no-held-value
2174	SF95D-05-xx	mounting	no-held-value
2175	SF110D-16-xx	mounting	no-held-value
2176	SF95D-08-xx	mounting	no-held-value
2177	SF110D-16HP-xx	mounting	no-held-value
2178	SF95D-16-xx	mounting	no-held-value
2179	SG110D-05-xx	mounting	no-held-value
2180	SG95D-05-xx	mounting	no-held-value
2181	WS-X6148E-GE-45AT	poe_standard	no-held-value
2182	XFP-10GER-192IR+=	standard	no-held-value
