fact_id	sku	action	old_value	write	reason
164501	2960-X	retract	["Fixed","No"]		not a configuration: "Fixed"
164499	2960-XR	retract	["Dual FRU","Yes"]		not a configuration: "Dual FRU"
69607	3560CX-12PC-S	convert	["Internal power supply"]	psu_config=fixed-internal	Internal power supply
69638	3560CX-12PD-S	convert	["Internal power supply"]	psu_config=fixed-internal	Internal power supply
69584	3560CX-12TC-S	convert	["Internal power supply"]	psu_config=fixed-internal	Internal power supply
69764	3560CX-8PC-S	convert	["Internal power supply"]	psu_config=fixed-internal	Internal power supply
69502	3560CX-8TC-S	convert	["Internal power supply"]	psu_config=fixed-internal	Internal power supply
69588	3560CX-8XPD-S	convert	["Internal power supply"]	psu_config=fixed-internal	Internal power supply
163821	8011-32Y8L2H2FH	retract	["Modular redundant (AC/DC)","PWR-650-AC-R","PWR-930-DC-R"]		not a configuration: "Modular redundant (AC/DC)"
163817	8011-4G24Y4H-I	retract	["Modular redundant (AC/DC)","PWR-400-AC","PWR-400-DC"]		not a configuration: "Modular redundant (AC/DC)"
71045	8804-SYS	retract	["8"]		not a configuration: "8"
71306	8808-SYS	retract	["12"]		not a configuration: "12"
71003	8812-SYS	retract	["12"]		not a configuration: "12"
71403	8818-SYS	retract	["24"]		not a configuration: "24"
73311	ACS-810-DM	retract	["Desktop","DIN-Rail mounting kit for the Cisco 810 level ISRs"]		not a configuration: "Desktop"
73636	ACS-810-FWM	retract	["Floor mount","wall mount kit for the Cisco 810 level ISRs"]		not a configuration: "Floor mount"
75019	AP1572EAC	retract	["AC: AC power"]		not a configuration: "AC: AC power"
75064	AP1572EC	retract	["C: Cable backhaul","power-over-cable"]		not a configuration: "C: Cable backhaul"
75150	AP1572IC	retract	["C: Cable backhaul","power-over-cable"]		not a configuration: "C: Cable backhaul"
75558	ASR1001-X-PWR-AC	retract	["Cisco ASR1001-X AC Power Supply"]		not a configuration: "Cisco ASR1001-X AC Power Supply"
75573	ASR1001-X-PWR-AC=	retract	["Cisco ASR1001-X AC Power Supply Spare"]		not a configuration: "Cisco ASR1001-X AC Power Supply Spare"
75538	ASR1001-X-PWR-DC	retract	["Cisco ASR1001-X DC Power Supply"]		not a configuration: "Cisco ASR1001-X DC Power Supply"
75563	ASR1001-X-PWR-DC=	retract	["Cisco ASR1001-X DC Power Supply"]		not a configuration: "Cisco ASR1001-X DC Power Supply"
75813	C-SM-16P4M2X	retract	["✓ *"]		not a configuration: "✓ *"
75711	C-SM-40P8M2X	retract	["✓ *"]		not a configuration: "✓ *"
148643	C3560CX-8PT-S	retract	["1 PoE uplink","2 PoE uplinks","1 PoE+ uplink","2 PoE+ uplinks","1 Cisco UPOE uplink","2 Cisco UPOE uplinks","Auxiliary input","1 PoE uplink plus auxiliary input","2 PoE uplinks plus auxiliary input","1 PoE+ uplink plus auxiliary input","2 PoE+ uplinks plus auxiliary input","1 Cisco UPOE uplink plus auxiliary input","2 Cisco UPOE uplinks plus auxiliary input"]		not a configuration: "1 PoE uplink"
76998	C3850-FAN-T1=	retract	["Cisco Catalyst 3850","WLC 5760 Type 1 Fan Module"]		not a configuration: "Cisco Catalyst 3850"
76915	C3KX-FAN-23CFM=	retract	["Fan module spare"]		not a configuration: "Fan module spare"
77057	C3KX-PS-BLANK=	retract	["Power supply blank spare"]		not a configuration: "Power supply blank spare"
76976	C3KX-PWR-1100WAC=	retract	["1100W AC power supply"]		not a configuration: "1100W AC power supply"
77020	C3KX-PWR-350WAC=	retract	["350W AC power supply"]		not a configuration: "350W AC power supply"
76936	C3KX-PWR-440WDC=	retract	["440W DC power supply"]		not a configuration: "440W DC power supply"
76519	C3KX-PWR-715WAC=	retract	["715W AC power supply"]		not a configuration: "715W AC power supply"
77906	C4KX-PWR-750AC-F	retract	["Catalyst 4500-X 750W AC Back-to-Front Cooling Power Supply"]		not a configuration: "Catalyst 4500-X 750W AC Back-to-Front Cooling Power Supply"
77655	C4KX-PWR-750AC-R	retract	["Catalyst 4500-X 750W AC Front-to-Back Cooling Power Supply"]		not a configuration: "Catalyst 4500-X 750W AC Front-to-Back Cooling Power Supply"
77846	C4KX-PWR-750DC-F	retract	["Catalyst 4500-X 750W DC Back-to-Front Cooling Power Supply"]		not a configuration: "Catalyst 4500-X 750W DC Back-to-Front Cooling Power Supply"
77783	C4KX-PWR-750DC-R	retract	["Catalyst 4500-X 750W DC Front-to-Back Cooling Power Supply"]		not a configuration: "Catalyst 4500-X 750W DC Front-to-Back Cooling Power Supply"
77911	C810-POE-SPL	retract	["C810 POE+ power supply splitter"]		not a configuration: "C810 POE+ power supply splitter"
77133	C8130-G2	retract	["Default: AC: PWR-CC1-30WAC"]		not a configuration: "Default: AC: PWR-CC1-30WAC"
77403	C8131-G2	retract	["Default: AC: PWR-CC1-30WAC"]		not a configuration: "Default: AC: PWR-CC1-30WAC"
77139	C8140-G2	retract	["Default: AC: PWR-CC1-66WAC"]		not a configuration: "Default: AC: PWR-CC1-66WAC"
77212	C8151-G2	retract	["Default: AC: PWR-CC1-66WAC"]		not a configuration: "Default: AC: PWR-CC1-66WAC"
77464	C8161-G2	retract	["Default: AC: PWR-CC1-150WAC"]		not a configuration: "Default: AC: PWR-CC1-150WAC"
164600	C8211-G2	retract	["30W AC (default – external adapter)","Secondary PSU option – external adapter 30W AC"]		not a configuration: "30W AC (default – external adapter)"
77687	C8220TG-48A-O	retract	["250W AC"]		not a configuration: "250W AC"
164598	C8231-G2	retract	["66 W AC (default – external adapter)","115 W AC for PoE (external adapter) PoE budget – 30 W"]		not a configuration: "66 W AC (default – external adapter)"
164596	C8235-G2	retract	["66 W AC (default – external adapter)","230 W AC for PoE (external adapter) PoE budget – 120 W"]		not a configuration: "66 W AC (default – external adapter)"
148624	C8300-UCPE-1N20	retract	["PWR-CC1-400WAC","PWR-CC1-400WDC"]		not a configuration: "PWR-CC1-400WAC"
77506	C8355-G2	retract	["Default: AC: PWR-CC1-110WAC Options: AC + PoE: PWR-CC1-230WAC"]		not a configuration: "Default: AC: PWR-CC1-110WAC Options: AC + PoE: PWR-CC1-230WA"
77180	C8375-E-G2	retract	["Default: AC: PWR-CC1-400WAC Options: AC + PoE: PWR-CC1-760WAC DC: PWR-CC1-500WDC"]		not a configuration: "Default: AC: PWR-CC1-400WAC Options: AC + PoE: PWR-CC1-760WA"
77965	C841M-4X	convert	["External AC power supply"]	psu_config=external	External AC power supply
78079	C841M-8X	convert	["External AC power supply"]	psu_config=external	External AC power supply
77636	C8455-G2	retract	["250W AC 400W DC 400W HVDC"]		not a configuration: "250W AC 400W DC 400W HVDC"
77709	C8475-G2	retract	["400W AC 400W DC 400W HVDC"]		not a configuration: "400W AC 400W DC 400W HVDC"
77838	C8550-G2	retract	["Default: AC: PWR-CH1-750WACR Options: DC: PWR-CH1-950WDCR"]		not a configuration: "Default: AC: PWR-CH1-750WACR Options: DC: PWR-CH1-950WDCR"
77261	C8570-G2	retract	["Default: AC: PWR-CH1-750WACR Options: DC: PWR-CH1-950WDCR"]		not a configuration: "Default: AC: PWR-CH1-750WACR Options: DC: PWR-CH1-950WDCR"
77842	C8650-G2	retract	["Default: AC : 3x PWR-CH1-1100WAC-D Options: DC Power supply: 3x PWR-CH1-950WDC-D"]		not a configuration: "Default: AC : 3x PWR-CH1-1100WAC-D Options: DC Power supply:"
144000	C9200-24P	retract	["PWR-C6-600WAC","PWR-C6-715WDC= 2","PWR-C6-715WDC="]		not a configuration: "PWR-C6-600WAC"
144004	C9200-24PB	retract	["PWR-C6-600WAC","PWR-C6-715WDC="]		not a configuration: "PWR-C6-600WAC"
144008	C9200-24PXG	retract	["PWR-C6-600WAC","PWR-C6-715WDC="]		not a configuration: "PWR-C6-600WAC"
144012	C9200-48P	retract	["PWR-C6-1KWAC","PWR-C6-715WDC="]		not a configuration: "PWR-C6-1KWAC"
144020	C9200-48PB	retract	["PWR-C6-1KWAC","PWR-C6-715WDC="]		not a configuration: "PWR-C6-1KWAC"
144016	C9200-48PL	retract	["PWR-C6-600WAC","PWR-C6-715WDC="]		not a configuration: "PWR-C6-600WAC"
144024	C9200-48PXG	retract	["PWR-C6-1KWAC","PWR-C6-715WDC="]		not a configuration: "PWR-C6-1KWAC"
39063	C9200CX-12P-2X2G	retract	["315W AC Internal"]		not a configuration: "315W AC Internal"
144073	C9200CX-12P-2XGH	retract	["315W HVDC/AC internal"]		not a configuration: "315W HVDC/AC internal"
39084	C9200CX-8P-2X2G	retract	["315W AC internal"]		not a configuration: "315W AC internal"
144076	C9200CX-8P-2XGH	retract	["315W HVDC/AC internal"]		not a configuration: "315W HVDC/AC internal"
144082	C9200CX-8PT-2G	retract	["External power adapter (80W) [LVDC support]","802.3bt UPOE+ ULs","External power adapter (150W) [LVDC support]"]		not a configuration: "External power adapter (80W) [LVDC support]"
39105	C9200CX-8UXG-2X	retract	["315W AC internal"]		not a configuration: "315W AC internal"
144079	C9200CX-8UXG-2XH	retract	["315W HVDC/AC internal"]		not a configuration: "315W HVDC/AC internal"
144028	C9200L-24P-4G	retract	["PWR-C5-600WAC","PWR-C5-715WDC= 2","PWR-C5-715WDC="]		not a configuration: "PWR-C5-600WAC"
144040	C9200L-24P-4X	retract	["PWR-C5-600WAC","PWR-C5-715WDC="]		not a configuration: "PWR-C5-600WAC"
144059	C9200L-24PXG-2Y	retract	["PWR-C5-600WAC","PWR-C5-715WDC="]		not a configuration: "PWR-C5-600WAC"
144051	C9200L-24PXG-4X	retract	["PWR-C5-600WAC","PWR-C5-715WDC="]		not a configuration: "PWR-C5-600WAC"
144032	C9200L-48P-4G	retract	["PWR-C5-1KWAC","PWR-C5-715WDC="]		not a configuration: "PWR-C5-1KWAC"
144036	C9200L-48PL-4G	retract	["PWR-C5-600WAC","PWR-C5-715WDC="]		not a configuration: "PWR-C5-600WAC"
144047	C9200L-48PL-4X	retract	["PWR-C5-600WAC","PWR-C5-715WDC="]		not a configuration: "PWR-C5-600WAC"
144063	C9200L-48PXG-2Y	retract	["PWR-C5-1KWAC","PWR-C5-715WDC="]		not a configuration: "PWR-C5-1KWAC"
144055	C9200L-48PXG-4X	retract	["PWR-C5-1KWAC","PWR-C5-715WDC="]		not a configuration: "PWR-C5-1KWAC"
148081	C9300-24H	retract	["1100W AC","PWR-C1-1900WAC-P","PWR-C1-1900WHV-T","PWR-C1-1100WAC-P"]		not a configuration: "1100W AC"
148057	C9300-24P	retract	["715W AC","PWR-C1-1100WAC-P","PWR-C1-715WAC-P"]		not a configuration: "715W AC"
148087	C9300-24S	retract	["715W AC","PWR-C1-715WAC-P"]		not a configuration: "715W AC"
148051	C9300-24T	retract	["350W AC","PWR-C1-350WAC-P ***"]		not a configuration: "350W AC"
148060	C9300-24U	retract	["1100W AC","PWR-C1-1900WAC-P","PWR-C1-1900WHV-T","PWR-C1-1100WAC-P"]		not a configuration: "1100W AC"
148072	C9300-24UB	retract	["1100W AC","PWR-C1-1100WAC-P"]		not a configuration: "1100W AC"
148066	C9300-24UX	retract	["1100W AC","PWR-C1-1900WAC-P","PWR-C1-1900WHV-T","PWR-C1-1100WAC-P"]		not a configuration: "1100W AC"
148075	C9300-24UXB	retract	["1100W AC","PWR-C1-1100WAC-P"]		not a configuration: "1100W AC"
148084	C9300-48H	retract	["1100W AC","PWR-C1-1900WAC-P","PWR-C1-1900WHV-T","PWR-C1-1100WAC-P"]		not a configuration: "1100W AC"
148150	C9300-48P	retract	["PWR-C1-1100WAC-P","PWR-C1-715WAC-P"]		not a configuration: "PWR-C1-1100WAC-P"
148090	C9300-48S	retract	["715W AC","PWR-C1-715WAC-P"]		not a configuration: "715W AC"
148054	C9300-48T	retract	["350W AC","PWR-C1-350WAC-P ***"]		not a configuration: "350W AC"
148063	C9300-48U	retract	["1100W AC","PWR-C1-1900WAC-P","PWR-C1-1900WHV-T","PWR-C1-1100WAC-P"]		not a configuration: "1100W AC"
148078	C9300-48UB	retract	["1100W AC","PWR-C1-1100WAC-P"]		not a configuration: "1100W AC"
148069	C9300-48UN	retract	["1100W AC","PWR-C1-1900WAC-P","PWR-C1-1900WHV-T","PWR-C1-1100WAC-P"]		not a configuration: "1100W AC"
148147	C9300-48UXM	retract	["PWR-C1-1900WAC-P","PWR-C1-1900WHV-T","PWR-C1-1100WAC-P"]		not a configuration: "PWR-C1-1900WAC-P"
148105	C9300L-24P-4G	retract	["715W AC","PWR-C1-715WAC-P"]		not a configuration: "715W AC"
148108	C9300L-24P-4X	retract	["715W AC","PWR-C1-715WAC-P"]		not a configuration: "715W AC"
148093	C9300L-24T-4G	retract	["350W AC","PWR-C1-350WAC-P"]		not a configuration: "350W AC"
148096	C9300L-24T-4X	retract	["350W AC","PWR-C1-350WAC-P"]		not a configuration: "350W AC"
148126	C9300L-24UXG-2Q	retract	["1100W AC","PWR-C1-1100WAC-P"]		not a configuration: "1100W AC"
148123	C9300L-24UXG-4X	retract	["1100W AC","PWR-C1-1100WAC-P"]		not a configuration: "1100W AC"
148111	C9300L-48P-4G	retract	["715W AC","PWR-C1-715WAC-P"]		not a configuration: "715W AC"
148114	C9300L-48P-4X	retract	["715W AC","PWR-C1-715WAC-P"]		not a configuration: "715W AC"
148117	C9300L-48PF-4G	retract	["1100W AC","PWR-C1-1100WAC-P"]		not a configuration: "1100W AC"
148120	C9300L-48PF-4X	retract	["1100W AC","PWR-C1-1100WAC-P"]		not a configuration: "1100W AC"
148099	C9300L-48T-4G	retract	["350W AC","PWR-C1-350WAC-P"]		not a configuration: "350W AC"
148102	C9300L-48T-4X	retract	["350W AC","PWR-C1-350WAC-P"]		not a configuration: "350W AC"
148132	C9300L-48UXG-2Q	retract	["1100W AC","PWR-C1-1100WAC-P"]		not a configuration: "1100W AC"
148129	C9300L-48UXG-4X	retract	["1100W AC","PWR-C1-1100WAC-P"]		not a configuration: "1100W AC"
148141	C9300LM-24U-4Y	retract	["600W AC 1","PWR-C6-1KWAC","PWR-C6-600WAC"]		not a configuration: "600W AC 1"
148144	C9300LM-48T-4Y	retract	["600W AC 1","PWR-C6-600WAC"]		not a configuration: "600W AC 1"
148138	C9300LM-48U-4Y	retract	["1000W AC 1","PWR-C6-1KWAC"]		not a configuration: "1000W AC 1"
148135	C9300LM-48UX-4Y	retract	["1000W AC 1","PWR-C6-1KWAC"]		not a configuration: "1000W AC 1"
148045	C9300X-12Y	retract	["715W AC","PWR-C1-715WAC-P"]		not a configuration: "715W AC"
148042	C9300X-24HX	retract	["1100W AC","PWR-C1-1900WAC-P","PWR-C1-1900WHV-T","PWR-C1-1100WAC-P"]		not a configuration: "1100W AC"
148048	C9300X-24Y	retract	["715W AC","PWR-C1-715WAC-P"]		not a configuration: "715W AC"
148033	C9300X-48HX	retract	["1100W AC","PWR-C1-1900WAC-P","PWR-C1-1900WHV-T","PWR-C1-1100WAC-P"]		not a configuration: "1100W AC"
148039	C9300X-48HXN	retract	["1100W AC","PWR-C1-1900WAC-P","PWR-C1-1900WHV-T","PWR-C1-1100WAC-P"]		not a configuration: "1100W AC"
148036	C9300X-48TX	retract	["715W AC","PWR-C1-715WAC-P"]		not a configuration: "715W AC"
143330	C9350-24HX	retract	["PWR-C2-850WAC","PWR-C2-1600WAC"]		not a configuration: "PWR-C2-850WAC"
143326	C9350-24P	retract	["PWR-C2-850WAC","PWR-C2-1600WAC"]		not a configuration: "PWR-C2-850WAC"
40043	C9350-24T	retract	["PWR-C2-500WAC"]		not a configuration: "PWR-C2-500WAC"
143328	C9350-24U	retract	["PWR-C2-850WAC","PWR-C2-1600WAC"]		not a configuration: "PWR-C2-850WAC"
40153	C9350-48HX	retract	["PWR-C2-1600WAC"]		not a configuration: "PWR-C2-1600WAC"
143331	C9350-48HXN	retract	["PWR-C2-850WAC","PWR-C2-1600WAC"]		not a configuration: "PWR-C2-850WAC"
143327	C9350-48P	retract	["PWR-C2-850WAC","PWR-C2-1600WAC"]		not a configuration: "PWR-C2-850WAC"
40058	C9350-48T	retract	["PWR-C2-500WAC"]		not a configuration: "PWR-C2-500WAC"
40185	C9350-48TX	retract	["PWR-C2-500WAC"]		not a configuration: "PWR-C2-500WAC"
143329	C9350-48U	retract	["PWR-C2-850WAC","PWR-C2-1600WAC"]		not a configuration: "PWR-C2-850WAC"
80980	C9500X-FAN-1U-F	retract	["Catalyst 9500X back to front cooling fan"]		not a configuration: "Catalyst 9500X back to front cooling fan"
80893	C9500X-FAN-1U-R	retract	["Catalyst 9500X front to back cooling fan"]		not a configuration: "Catalyst 9500X front to back cooling fan"
80982	C9600-PWR-2KWAC	retract	["94% (typical)"]		not a configuration: "94% (typical)"
80496	C9600-PWR-2KWDC	retract	["92% (typical)"]		not a configuration: "92% (typical)"
80150	C9600-PWR-3KWAC	retract	["94% (typical)"]		not a configuration: "94% (typical)"
164602	C9K-PWR-1500WAC	retract	["92% (115VAC 50% load) 94% (230VAC 50% load)","Catalyst 9500X 1500W AC Power Supply"]		not a configuration: "92% (115VAC 50% load) 94% (230VAC 50% load)"
80841	C9K-PWR-1500WAC/2	retract	["Catalyst 9500X 1500W AC Power Supply","Redundant"]		not a configuration: "Catalyst 9500X 1500W AC Power Supply"
164604	C9K-PWR-1500WDC	retract	["94% (-48 to -60 VDC, 50% load)","Catalyst 9500X 1500W DC Power Supply"]		not a configuration: "94% (-48 to -60 VDC, 50% load)"
80329	C9K-PWR-1500WDC/2	retract	["Catalyst 9500X 1500W DC Power Supply","Redundant"]		not a configuration: "Catalyst 9500X 1500W DC Power Supply"
154361	C9K-PWR-1600WAC-R	retract	["94% (Typ)","1600W AC Power Supply"]		not a configuration: "94% (Typ)"
81123	C9K-PWR-1600WACR/2	retract	["1600W AC Power Supply","Redundant"]		not a configuration: "1600W AC Power Supply"
154355	C9K-PWR-1600WDC-R	retract	["92% (Typ)","1600W DC Power Supply"]		not a configuration: "92% (Typ)"
80517	C9K-PWR-1600WDCR/2	retract	["1600W DC Power Supply","Redundant"]		not a configuration: "1600W DC Power Supply"
154365	C9K-PWR-650WAC-R	retract	["94% (Typ)","650W AC Power Supply"]		not a configuration: "94% (Typ)"
80174	C9K-PWR-650WAC-R/2	retract	["650W AC Power Supply","Redundant"]		not a configuration: "650W AC Power Supply"
154366	C9K-PWR-650WACL-R	retract	["94% (Typ)","650W AC Power Supply"]		not a configuration: "94% (Typ)"
80848	C9K-PWR-650WACLR/2	retract	["650W AC Power Supply","Redundant"]		not a configuration: "650W AC Power Supply"
154369	C9K-PWR-930WDC-R	retract	["92% (Typ)","930W DC Power Supply"]		not a configuration: "92% (Typ)"
80578	C9K-PWR-930WDC-R/2	retract	["930W DC Power Supply","Redundant"]		not a configuration: "930W DC Power Supply"
80524	C9K-PWR-C4-BLANK	retract	["Catalyst 9500 power supply blank cover"]		not a configuration: "Catalyst 9500 power supply blank cover"
81142	C9K-PWR-C5-BLANK	retract	["Catalyst 9500 power supply blank cover"]		not a configuration: "Catalyst 9500 power supply blank cover"
81042	C9K-T1-FANTRAY	retract	["Catalyst 9500 fan tray"]		not a configuration: "Catalyst 9500 fan tray"
81930	CAB-C15-CBN	retract	["Cabinet Jumper Power Cord","250 VAC 13A","C14-C15 Connectors"]		not a configuration: "Cabinet Jumper Power Cord"
81357	CAB-C15-CBN-JP	retract	["Japan Cabinet Jumper Power Cord","250 VAC 12A","C14-C15"]		not a configuration: "Japan Cabinet Jumper Power Cord"
82211	CAB-TA-250V-JP	retract	["Japan 250V AC Type A Power Cable"]		not a configuration: "Japan 250V AC Type A Power Cable"
84804	CG113-4GW6x	retract	["CG113-4G-PWR-US CG113-4G-PWR-EU CG113-4G-PWR-AU"]		not a configuration: "CG113-4G-PWR-US CG113-4G-PWR-EU CG113-4G-PWR-AU"
84913	CG113-W6x	retract	["CG113-4G-PWR-US CG113-4G-PWR-EU CG113-4G-PWR-AU"]		not a configuration: "CG113-4G-PWR-US CG113-4G-PWR-EU CG113-4G-PWR-AU"
196299	CGP-OLT-16T	retract	["PWR-OLT16-100WAC","PWR-OLT16-100WDC"]		not a configuration: "PWR-OLT16-100WAC"
196298	CGP-OLT-8T	retract	["PWR-OLT8-80WAC","PWR-OLT8-72WDC"]		not a configuration: "PWR-OLT8-80WAC"
87674	CSP-5216	retract	["1540 Watt Total (2x770) included"]		not a configuration: "1540 Watt Total (2x770) included"
87681	CSP-5228	retract	["1540 Watt Total (2x770) included"]		not a configuration: "1540 Watt Total (2x770) included"
87661	CSP-5436	retract	["2100W (2x1050) included"]		not a configuration: "2100W (2x1050) included"
87666	CSP-5444	retract	["2100W (2x1050) included"]		not a configuration: "2100W (2x1050) included"
87649	CSP-5456	retract	["2100W (2x1050) included"]		not a configuration: "2100W (2x1050) included"
87689	CV-CNTR-M8N	retract	["Hot-pluggable","redundant Cisco UCS 1200W AC Titanium Power Supply"]		not a configuration: "Hot-pluggable"
143999	CW9166D1	retract	["802.3af/at/bt DC input power: 54V"]		not a configuration: "802.3af/at/bt DC input power: 54V"
88404	DN3-HW-APL-XL	retract	["2 hot-pluggable","redundant 2300W titanium-certified AC"]		not a configuration: "2 hot-pluggable"
143864	ESS-9300-10X-E	retract	["3.3VDC","+5VDC (+/–3%)"]		not a configuration: "3.3VDC"
91479	FAN-T3-F=	retract	["Fan module spare back-to-front airflow for 48XS"]		not a configuration: "Fan module spare back-to-front airflow for 48XS"
91486	FAN-T3-R=	retract	["Fan module spare front-to-back airflow for 48XS"]		not a configuration: "Fan module spare front-to-back airflow for 48XS"
91667	FAN-T4-R	retract	["Catalyst 9500 Type 4 front to back cooling Fan"]		not a configuration: "Catalyst 9500 Type 4 front to back cooling Fan"
94906	HF6100-32D	convert	["2 (1+1 redundancy)"]	psu_config=modular-redundant psu_count=2	2 (1+1 redundancy)
94914	HF6100-60L4D	convert	["2 (1+1 redundancy)"]	psu_config=modular-redundant psu_count=2	2 (1+1 redundancy)
94969	HF6100-64ED	convert	["2 (1+1 redundancy)"]	psu_config=modular-redundant psu_count=2	2 (1+1 redundancy)
96296	IE-4010-16S12P	retract	["1.16 kg"]		not a configuration: "1.16 kg"
97683	IE-4010-4S24P	retract	["1.16 kg"]		not a configuration: "1.16 kg"
51052	IE-5000-12S12P-10G	retract	["1.16 kg"]		not a configuration: "1.16 kg"
51073	IE-5000-16S12P	retract	["1.16 kg"]		not a configuration: "1.16 kg"
143675	MG21	retract	["12V/1A","48-57V DC/0.35A"]		not a configuration: "12V/1A"
143676	MG21E	retract	["12V/1A","48-57V DC/0.35A"]		not a configuration: "12V/1A"
144163	MG41	retract	["12V/1A","48-57V DC/0.35A"]		not a configuration: "12V/1A"
144164	MG41E	retract	["12V/1A","48-57V DC/0.35A"]		not a configuration: "12V/1A"
143990	MG51	retract	["12V/1A","48-57V DC/0.35A"]		not a configuration: "12V/1A"
143991	MG51E	retract	["12V/1A","48-57V DC/0.35A"]		not a configuration: "12V/1A"
143677	MG52	retract	["12V/1A","48-57V DC/0.35A"]		not a configuration: "12V/1A"
143678	MG52E	retract	["12V/1A","48-57V DC/0.35A"]		not a configuration: "12V/1A"
101436	MR45	retract	["Not included"]		not a configuration: "Not included"
101454	MR55	retract	["Not Included"]		not a configuration: "Not Included"
101752	MS120-24	convert	["Fixed Internal"]	psu_config=fixed-internal	Fixed Internal
101602	MS120-24P	convert	["Fixed Internal"]	psu_config=fixed-internal	Fixed Internal
101940	MS120-48	convert	["Fixed Internal"]	psu_config=fixed-internal	Fixed Internal
102093	MS120-48FP	convert	["Fixed Internal"]	psu_config=fixed-internal	Fixed Internal
102100	MS120-48LP	convert	["Fixed Internal"]	psu_config=fixed-internal	Fixed Internal
101884	MS120-8	convert	["External"]	psu_config=external	External
102107	MS120-8FP	convert	["Fixed Internal"]	psu_config=fixed-internal	Fixed Internal
101463	MS120-8LP	convert	["External"]	psu_config=external	External
101890	MS125-24	convert	["Built-in"]	psu_config=fixed-internal	Built-in
102171	MS125-24P	convert	["Built-in"]	psu_config=fixed-internal	Built-in
101609	MS125-48	convert	["Built-in"]	psu_config=fixed-internal	Built-in
101616	MS125-48FP	convert	["Built-in"]	psu_config=fixed-internal	Built-in
102113	MS125-48LP	convert	["Built-in"]	psu_config=fixed-internal	Built-in
102124	MS130-12X	convert	["External"]	psu_config=external	External
101965	MS130-24	convert	["Fixed Internal"]	psu_config=fixed-internal	Fixed Internal
101901	MS130-24P	convert	["Fixed Internal"]	psu_config=fixed-internal	Fixed Internal
102182	MS130-24X	convert	["Fixed Internal"]	psu_config=fixed-internal	Fixed Internal
102191	MS130-48	convert	["Fixed Internal"]	psu_config=fixed-internal	Fixed Internal
102015	MS130-48P	convert	["Fixed Internal"]	psu_config=fixed-internal	Fixed Internal
101494	MS130-48X	convert	["Fixed Internal"]	psu_config=fixed-internal	Fixed Internal
101773	MS130-8	convert	["External"]	psu_config=external	External
101627	MS130-8P	convert	["External"]	psu_config=external	External
101503	MS130-8P-I	convert	["Internal"]	psu_config=fixed-internal	Internal
101473	MS130-8X	convert	["External"]	psu_config=external	External
102133	MS130R-8P	retract	["External AC Adapter or DIN rail AC power supply options"]		not a configuration: "External AC Adapter or DIN rail AC power supply options"
143995	MS210-24	convert	["Fixed Internal","External RPS* (optional)"]	psu_config=fixed-internal	Fixed Internal | External RPS* (optional)
101905	MS210-24P	retract	["External RPS (optional)"]		only an optional RPS: says nothing about the unit's own supply
143996	MS210-48	convert	["Fixed Internal","External RPS* (optional)"]	psu_config=fixed-internal	Fixed Internal | External RPS* (optional)
101779	MS210-48FP	retract	["External RPS (optional)"]		only an optional RPS: says nothing about the unit's own supply
143997	MS210-48LP	convert	["Fixed Internal","External RPS* (optional)"]	psu_config=fixed-internal	Fixed Internal | External RPS* (optional)
149407	MS225-24	convert	["Fixed Internal","External RPS* (optional)"]	psu_config=fixed-internal	Fixed Internal | External RPS* (optional)
149409	MS225-24P	convert	["Fixed Internal","External RPS* (optional)"]	psu_config=fixed-internal	Fixed Internal | External RPS* (optional)
149408	MS225-48	convert	["Fixed Internal","External RPS* (optional)"]	psu_config=fixed-internal	Fixed Internal | External RPS* (optional)
149406	MS225-48FP	convert	["External RPS (optional)","Fixed Internal","External RPS* (optional)"]	psu_config=fixed-internal	External RPS (optional) | Fixed Internal | External RPS* (optional)
149410	MS225-48LP	convert	["Fixed Internal","External RPS* (optional)"]	psu_config=fixed-internal	Fixed Internal | External RPS* (optional)
101637	MS355-24X	retract	["1025W AC"]		not a configuration: "1025W AC"
101977	MS355-24X2	retract	["1025W AC"]		not a configuration: "1025W AC"
101647	MS355-48X	retract	["1025W AC"]		not a configuration: "1025W AC"
102220	MS355-48X2	retract	["1025W AC"]		not a configuration: "1025W AC"
102072	MS410-16	retract	["250W AC"]		not a configuration: "250W AC"
101999	MS410-32	retract	["250W AC"]		not a configuration: "250W AC"
101485	MS425-16	retract	["250W AC"]		not a configuration: "250W AC"
101730	MS425-32	retract	["250W AC"]		not a configuration: "250W AC"
101587	MS450-12	retract	["250W AC"]		not a configuration: "250W AC"
144160	MV2	retract	["10W DC/ 802.3af PoE"]		not a configuration: "10W DC/ 802.3af PoE"
102054	MV32	retract	["802.3af PoE"]		not a configuration: "802.3af PoE"
144162	MV52	retract	["12V DC/ 802.3at PoE+"]		not a configuration: "12V DC/ 802.3at PoE+"
101930	MV53X	retract	["802.3at PoE"]		not a configuration: "802.3at PoE"
101957	MX64	retract	["30W DC"]		not a configuration: "30W DC"
101530	MX64W	retract	["30W DC"]		not a configuration: "30W DC"
101674	MX65	retract	["90W DC"]		not a configuration: "90W DC"
101748	MX65W	retract	["90W DC"]		not a configuration: "90W DC"
101874	MX67	retract	["18W DC"]		not a configuration: "18W DC"
101536	MX67C	retract	["18W DC"]		not a configuration: "18W DC"
102231	MX67W	retract	["18W DC"]		not a configuration: "18W DC"
101543	MX68	retract	["100W DC"]		not a configuration: "100W DC"
101880	MX68CW	retract	["100W DC"]		not a configuration: "100W DC"
102167	MX68W	retract	["100W DC"]		not a configuration: "100W DC"
102007	MX84	retract	["Internal 100-220V"]		not a configuration: "Internal 100-220V"
102254	N2200-P-BLNK=	retract	["Cisco Nexus 2200 Power supply Blank","spare"]		not a configuration: "Cisco Nexus 2200 Power supply Blank"
143948	N2200-PAC-400W	retract	["N2K/3K 400W AC PS","Port-side Exhaust"]		not a configuration: "N2K/3K 400W AC PS"
143949	N2200-PAC-400W-B	retract	["N2K/3K 400W AC PS","Port-side Intake"]		not a configuration: "N2K/3K 400W AC PS"
148575	N2200-PAC-400W-B=	retract	["Cisco Nexus 2200 AC Power supply","Back-to-front airflow (Reversed airflow, port side intake)","spare"]		not a configuration: "Cisco Nexus 2200 AC Power supply"
148574	N2200-PAC-400W=	retract	["Cisco Nexus 2200 AC Power supply (Std airflow, port side exhaust)","spare"]		not a configuration: "Cisco Nexus 2200 AC Power supply (Std airflow, port side exh"
148577	N2200-PDC-350W-B=	retract	["Cisco Nexus 2200 DC Power supply","Back-to-front airflow (Reversed airflow, port side intake)","spare"]		not a configuration: "Cisco Nexus 2200 DC Power supply"
148576	N2200-PDC-400W=	retract	["Cisco Nexus 2200 DC Power supply (Std airflow, port side exhaust)","spare"]		not a configuration: "Cisco Nexus 2200 DC Power supply (Std airflow, port side exh"
102776	N2K-P1-BLNK=	retract	["Cisco Nexus 2148T FEX 1GE Power supply Blank","spare"]		not a configuration: "Cisco Nexus 2148T FEX 1GE Power supply Blank"
148796	N540-24Q2C2DD-SYS	retract	["2 hot-swappable AC/DC power supplies provide 1+1 redundancy. AC & DC PSU combination is supported. 6 fixed fans (5+1) Front to back","Power supply: N540-PWR400-A N540-PWR400-D"]		not a configuration: "Power supply: N540-PWR400-A N540-PWR400-D"
148795	N540-24Q8L2DD-SYS	retract	["2 hot-swappable AC/DC power supplies provide 1+1 redundancy. AC & DC PSU combination is supported. 6 fixed fans (5+1) Front to back","Power supply: N540-PWR400-A N540-PWR400-D"]		not a configuration: "Power supply: N540-PWR400-A N540-PWR400-D"
103291	N540-24Z8Q2C-SYS	retract	["Power Supply: N540-PWR400-A N540-PWR400-D Fan: N540-FAN Rackmount for AC variant: N540-RCKMT-19 N540-RCKMT-23 N540-RKMT-ETSI Cable Brackets: N540-CBL-GD-19"]		not a configuration: "Power Supply: N540-PWR400-A N540-PWR400-D Fan: N540-FAN Rack"
103123	N540-6Z14S-SYS-D	retract	["1 + 1 Fixed redundant DC"]		not a configuration: "1 + 1 Fixed redundant DC"
103342	N540-ACC-SYS	retract	["Power Supply: N540-PWR400-A N540-PWR400-D Fan: N540-FAN Rackmount for AC variant: N540-RCKMT-19 N540-RCKMT-23 N540-RKMT-ETSI Cable Brackets: N540-CBL-GD-19"]		not a configuration: "Power Supply: N540-PWR400-A N540-PWR400-D Fan: N540-FAN Rack"
103209	N540X-ACC-SYS	retract	["Power Supply: N540-PWR400-A N540-PWR400-D Fan: N540-X-FAN Rackmount for AC variant: N540-RCKMT-19 N540-RCKMT-23 N540-RKMT-ETSI Cable Brackets: N540-CBL-GD-19"]		not a configuration: "Power Supply: N540-PWR400-A N540-PWR400-D Fan: N540-X-FAN Ra"
103211	N55-PAC-1100W-B=	retract	["Cisco Nexus 6001 PSU module","100-240VAC 1100W","Back-to-Front (Port Side Intake) Airflow","Spare"]		not a configuration: "Cisco Nexus 6001 PSU module"
103368	N55-PAC-1100W=	retract	["Cisco Nexus 6001 PSU module","100-240VAC 1100W","Front-to-Back (Port Side Exhaust) Airflow","Spare"]		not a configuration: "Cisco Nexus 6001 PSU module"
148584	N55-PDC-1100W	retract	["Cisco Nexus 5500/6000 PSU module","DC 1100W"]		not a configuration: "Cisco Nexus 5500/6000 PSU module"
144127	N55-PDC-1100W=	retract	["Cisco Nexus 6001 PSU Front-to-Back Airflow module spare","D/C","- 40 to -72VDC","1100W"]		not a configuration: "Cisco Nexus 6001 PSU Front-to-Back Airflow module spare"
103677	N9K-C9300-FAN3	retract	["Nexus 9K Fixed Fan for 2RU switch","Port-side Intake"]		not a configuration: "Nexus 9K Fixed Fan for 2RU switch"
103818	N9K-C9300-FAN3-B	retract	["Nexus 9K Fixed Fan for 2RU switch","Port-side Exhaust"]		not a configuration: "Nexus 9K Fixed Fan for 2RU switch"
104116	N9K-PAC-1200W	retract	["N9300 1200W AC PS","Port-side Intake"]		not a configuration: "N9300 1200W AC PS"
104697	N9K-PAC-1200W-B	retract	["N9300 1200W AC PS","Port-side Exhaust"]		not a configuration: "N9300 1200W AC PS"
104830	N9K-PAC-650W	retract	["N9300 650W AC PS","Port-side Intake"]		not a configuration: "N9300 650W AC PS"
104455	N9K-PAC-650W-B	retract	["N9300 650W AC PS","Port-side Exhaust"]		not a configuration: "N9300 650W AC PS"
104647	N9K-PUV-1200W	retract	["N1200W","200-277AC","240-380DC","Dual airflow PSU"]		not a configuration: "N1200W"
107996	NO-POWER-CORD	retract	["ECO friendly green option","no power cable will be shipped"]		not a configuration: "ECO friendly green option"
143953	NXA-FAN-30CFM-B	retract	["Nexus 2K/3K/9K Single Fan for 1RU switch","port side intake airflow"]		not a configuration: "Nexus 2K/3K/9K Single Fan for 1RU switch"
143952	NXA-FAN-30CFM-F	retract	["Nexus 2K/3K/9K Single Fan for 1RU switch","port side exhaust airflow"]		not a configuration: "Nexus 2K/3K/9K Single Fan for 1RU switch"
108261	NXA-FAN-35CFM-PE	retract	["N92300 Single Fan","port side exhaust airflow"]		not a configuration: "N92300 Single Fan"
109000	NXA-FAN-35CFM-PI	retract	["N92300 Single Fan","port side exhaust airflow"]		not a configuration: "N92300 Single Fan"
108863	NXA-PAC-1100W-PE	retract	["Cisco N9000 1100W AC PS","port-side exhaust"]		not a configuration: "Cisco N9000 1100W AC PS"
108768	NXA-PAC-1100W-PE2	retract	["Cisco 1100W AC power module with port-side exhaust"]		not a configuration: "Cisco 1100W AC power module with port-side exhaust"
108928	NXA-PAC-1100W-PE2=	retract	["Cisco 1100W AC power module with port-side exhaust spare"]		not a configuration: "Cisco 1100W AC power module with port-side exhaust spare"
108012	NXA-PAC-1100W-PI	retract	["Cisco N9000 1100W AC PS","port-side intake"]		not a configuration: "Cisco N9000 1100W AC PS"
108286	NXA-PAC-1100W-PI2	retract	["Cisco 1100W AC power module with port-side intake"]		not a configuration: "Cisco 1100W AC power module with port-side intake"
108870	NXA-PAC-1100W-PI2=	retract	["Cisco 1100W AC power module with port-side intake spare"]		not a configuration: "Cisco 1100W AC power module with port-side intake spare"
108020	NXA-PAC-1200W-PE	retract	["N1200W AC PS","Port-side Exhaust"]		not a configuration: "N1200W AC PS"
108742	NXA-PAC-1200W-PI	retract	["N1200W AC PS","Port-side Intake"]		not a configuration: "N1200W AC PS"
108754	NXA-PAC-1400W-PE	retract	["Cisco N9300 PSU","1400W AC power supply","port-side exhaust"]		not a configuration: "Cisco N9300 PSU"
108453	NXA-PAC-1400W-PI	retract	["Cisco 1400W AC power module with port-side intake"]		not a configuration: "Cisco 1400W AC power module with port-side intake"
108031	NXA-PAC-1400W-PI=	retract	["Cisco 1400W AC power module with port-side intake spare"]		not a configuration: "Cisco 1400W AC power module with port-side intake spare"
108329	NXA-PAC-1900W-PE	retract	["Cisco N9000 1900W AC PS","port-side exhaust"]		not a configuration: "Cisco N9000 1900W AC PS"
108941	NXA-PAC-1900W-PI	retract	["Cisco N9000 1900W AC PS","port-side intake"]		not a configuration: "Cisco N9000 1900W AC PS"
108788	NXA-PAC-2KW-PE	retract	["Nexus AC 2000W PSU Spare - port side exhaust"]		not a configuration: "Nexus AC 2000W PSU Spare - port side exhaust"
109082	NXA-PAC-2KW-PI	retract	["Nexus AC 2000W PSU Spare - port side intake"]		not a configuration: "Nexus AC 2000W PSU Spare - port side intake"
109092	NXA-PAC-350W-PE	retract	["N9000 350W AC PS","Port-side Exhaust"]		not a configuration: "N9000 350W AC PS"
108338	NXA-PAC-350W-PE2	retract	["Cisco N9000 350W AC PS","port-side exhaust"]		not a configuration: "Cisco N9000 350W AC PS"
108182	NXA-PAC-350W-PI	retract	["N9000 350W AC PS","Port-side Intake"]		not a configuration: "N9000 350W AC PS"
108095	NXA-PAC-350W-PI2	retract	["Cisco N9000 350W AC PS","port-side intake"]		not a configuration: "Cisco N9000 350W AC PS"
108559	NXA-PAC-500W-PE	retract	["Cisco N9000 500W AC PS","port-side exhaust"]		not a configuration: "Cisco N9000 500W AC PS"
108110	NXA-PAC-500W-PI	retract	["Cisco N9000 500W AC PS","port-side intake"]		not a configuration: "Cisco N9000 500W AC PS"
108190	NXA-PAC-650W-PE	retract	["Cisco N9000 650W AC PS","port-side exhaust"]		not a configuration: "Cisco N9000 650W AC PS"
108878	NXA-PAC-650W-PI	retract	["Cisco N9000 650W AC PS","port-side intake"]		not a configuration: "Cisco N9000 650W AC PS"
108044	NXA-PAC-750W-PE	retract	["Cisco N9300 PSU","750W AC power supply","port-side exhaust"]		not a configuration: "Cisco N9300 PSU"
108353	NXA-PAC-750W-PI	retract	["Cisco N9300 PSU","750W AC power supply","port-side intake"]		not a configuration: "Cisco N9300 PSU"
108889	NXA-PDC-1100W-PE	retract	["N1100W Platinum DC PS","port side exhaust"]		not a configuration: "N1100W Platinum DC PS"
108200	NXA-PDC-1100W-PI	retract	["N1100W Platinum DC PS","port side intake"]		not a configuration: "N1100W Platinum DC PS"
108957	NXA-PDC-2KW-PE	retract	["N2000W Platinum DC PS","port side exhaust"]		not a configuration: "N2000W Platinum DC PS"
108120	NXA-PDC-2KW-PI	retract	["N2000W Platinum DC PS","port side intake"]		not a configuration: "N2000W Platinum DC PS"
108466	NXA-PDC-440W-PE	retract	["N9000 440W DC PS","Port-side Exhaust"]		not a configuration: "N9000 440W DC PS"
108568	NXA-PDC-440W-PI	retract	["N9000 440W DC PS","Port-side Intake"]		not a configuration: "N9000 440W DC PS"
108141	NXA-PDC-930W-PE	retract	["N930W -48V DC PS","Port-side Exhaust"]		not a configuration: "N930W -48V DC PS"
108678	NXA-PDC-930W-PI	retract	["N930W -48V DC PS","Port-side Intake"]		not a configuration: "N930W -48V DC PS"
108220	NXA-PHV-1100W-PE	retract	["N1100W Platinum HV-AC-DC PS","port side exhaust"]		not a configuration: "N1100W Platinum HV-AC-DC PS"
108480	NXA-PHV-1100W-PI	retract	["N1100W Platinum HV-AC-DC PS","port side intake"]		not a configuration: "N1100W Platinum HV-AC-DC PS"
149363	NXA-PHV-1200W	retract	["Cisco N9300 PSU","1200W power supply","supports HVAC/HVDC"]		not a configuration: "Cisco N9300 PSU"
108402	NXA-PHV-2KW-PI	retract	["N2000W Platinum HV-AC-DC PS","port side intake"]		not a configuration: "N2000W Platinum HV-AC-DC PS"
148929	NXA-PHV-350W-PE	retract	["Cisco N9300 350W power supply","supports HVAC/HVDC","port side exhaust"]		not a configuration: "Cisco N9300 350W power supply"
148933	NXA-PHV-350W-PI	retract	["Cisco N9300 350W power supply","supports HVAC/HVDC","port side intake"]		not a configuration: "Cisco N9300 350W power supply"
109038	NXA-PHV-500W-B=	retract	["Nexus Access 500W 277VAC HVDC PSU","Port side intake","spare"]		not a configuration: "Nexus Access 500W 277VAC HVDC PSU"
108412	NXA-PHV-500W=	retract	["Nexus Access 500W 277VAC HVDC PSU","Port side exhaust","spare"]		not a configuration: "Nexus Access 500W 277VAC HVDC PSU"
108692	NXA-SFAN-30CFM-PE	retract	["Cisco Nexus fan","30CFM","port-side exhaust airflow"]		not a configuration: "Cisco Nexus fan"
108591	NXA-SFAN-30CFM-PI	retract	["Cisco Nexus fan","30CFM","port-side intake airflow"]		not a configuration: "Cisco Nexus fan"
113049	PWR-2KW-DC-CBL	retract	["Power Cord - 2KW DC"]		not a configuration: "Power Cord - 2KW DC"
112950	PWR-C1-1100WAC=	retract	["1100WAC power supply spare"]		not a configuration: "1100WAC power supply spare"
113149	PWR-C1-350WAC=	retract	["350WAC power supply spare"]		not a configuration: "350WAC power supply spare"
112544	PWR-C1-440WDC=	retract	["440WDC power supply spare"]		not a configuration: "440WDC power supply spare"
112619	PWR-C1-715WAC=	retract	["715WAC power supply spare"]		not a configuration: "715WAC power supply spare"
113217	PWR-C1-BLANK=	retract	["Power supply blank spare"]		not a configuration: "Power supply blank spare"
112505	PWR-C3-750WAC-F=	retract	["750WAC power supply spare back-to-front airflow for 48XS"]		not a configuration: "750WAC power supply spare back-to-front airflow for 48XS"
113233	PWR-C3-750WAC-R=	retract	["750WAC power supply spare front-to-back airflow for 48XS"]		not a configuration: "750WAC power supply spare front-to-back airflow for 48XS"
112915	PWR-C3-750WDC-F=	retract	["750WDC power supply spare back-to-front airflow for 48XS"]		not a configuration: "750WDC power supply spare back-to-front airflow for 48XS"
113264	PWR-C3-750WDC-R=	retract	["750WDC power supply spare front-to-back airflow for 48XS"]		not a configuration: "750WDC power supply spare front-to-back airflow for 48XS"
154650	PWR-C4-950WAC-R	retract	["94%","950W AC Config 4 Power Supply front to back cooling"]		not a configuration: "94%"
113066	PWR-C4-950WAC-R/2	retract	["950W AC Config 4 Power Supply front to back cooling","Redundant"]		not a configuration: "950W AC Config 4 Power Supply front to back cooling"
112436	PWR-C4-950WDC-R	retract	["91% at 48Vin","50% load"]		not a configuration: "91% at 48Vin"
113074	PWR-C4-BLANK	retract	["Catalyst 9500 power supply blank cover"]		not a configuration: "Catalyst 9500 power supply blank cover"
112872	PWR-C6-BLANK	retract	["Catalyst 9500X power supply blank cover"]		not a configuration: "Catalyst 9500X power supply blank cover"
113248	PWR-CAB-AC-ARG	retract	["AC POWER CORD","WIRE HARNESS","Argentina","IRAM 2073","IEC60320 C21","ST","4M","30 AWG","STRANDED","250.0 V","16.0 A"]		not a configuration: "AC POWER CORD"
112702	PWR-CAB-AC-AUS	retract	["Power Cord for AC V2 Power Module (Australia)","AS 3112"]		not a configuration: "Power Cord for AC V2 Power Module (Australia)"
112522	PWR-CAB-AC-BRA	retract	["Power Cord for AC V2 Power Module (Brazil)","NBR 14136"]		not a configuration: "Power Cord for AC V2 Power Module (Brazil)"
113032	PWR-CAB-AC-CHN	retract	["Power Cord for AC V2 Power Module (China)","GB2099.1","GB1002"]		not a configuration: "Power Cord for AC V2 Power Module (China)"
112928	PWR-CAB-AC-EU	retract	["Power Cord for AC V2 Power Module (Europe)","CEE 7","7"]		not a configuration: "Power Cord for AC V2 Power Module (Europe)"
113033	PWR-CAB-AC-IND	retract	["India AC Power Cord for Cisco ASR 900","IS:1293"]		not a configuration: "India AC Power Cord for Cisco ASR 900"
113128	PWR-CAB-AC-ISRL	retract	["Power Cord for AC V2 Power Module (Israel)","SI 32"]		not a configuration: "Power Cord for AC V2 Power Module (Israel)"
113249	PWR-CAB-AC-ITA	retract	["Power Cord for AC V2 Power Module (Italy)","CEI-23-50"]		not a configuration: "Power Cord for AC V2 Power Module (Italy)"
113090	PWR-CAB-AC-JPN	retract	["Power Cord for AC V2 Power Module (Japan)","JIS C8303"]		not a configuration: "Power Cord for AC V2 Power Module (Japan)"
112758	PWR-CAB-AC-SA	retract	["Power Cord for AC V2 Power Module (South Africa)","SABS 164"]		not a configuration: "Power Cord for AC V2 Power Module (South Africa)"
112929	PWR-CAB-AC-SUI	retract	["Power Cord for AC V2 Power Module (Swiss)","SEV 1011"]		not a configuration: "Power Cord for AC V2 Power Module (Swiss)"
113284	PWR-CAB-AC-UK	retract	["Power Cord for AC V2 Power Module (UK)","EN 60309-2"]		not a configuration: "Power Cord for AC V2 Power Module (UK)"
113129	PWR-CAB-AC-USA	retract	["Power Cord for AC V2 Power Module (USA)","NEMA L6-20P"]		not a configuration: "Power Cord for AC V2 Power Module (USA)"
113285	PWR-CAB-AC-USA520	retract	["US AC Power Cord for Cisco ASR 900","NEMA 5-20"]		not a configuration: "US AC Power Cord for Cisco ASR 900"
164634	PWR-CC1-1000WAC	retract	["80 Plus Gold","IEC 320 C14"]		not a configuration: "80 Plus Gold"
149390	PWR-CC1-150WAC	retract	["Avg. 89%","IEC 320 C14"]		not a configuration: "Avg. 89%"
164626	PWR-CC1-250WAC	retract	["80 Plus Silver","IEC 320 C14"]		not a configuration: "80 Plus Silver"
148970	PWR-CC1-400WAC	retract	["80 Plus Silver","IEC 320 C14"]		not a configuration: "80 Plus Silver"
164630	PWR-CC1-400WDC	retract	["85 %","Terminal block"]		not a configuration: "85 %"
164495	PWR-CC1-400WHV	retract	["80 Plus Platinum 90% @ 20% load 94% @ 50% load 91% @ 100% load","Saf-D-Grid","2006 series"]		not a configuration: "80 Plus Platinum 90% @ 20% load 94% @ 50% load 91% @ 100% lo"
164628	PWR-CC1-500WAC	retract	["80 Plus Silver","IEC 320 C14"]		not a configuration: "80 Plus Silver"
164632	PWR-CC1-650WAC	retract	["80 Plus Gold","IEC 320 C14"]		not a configuration: "80 Plus Gold"
164636	PWR-CC1-650WDC	retract	["80 Plus Gold","Terminal block"]		not a configuration: "80 Plus Gold"
164482	PWR-CH1-1100WAC	retract	["80 Plus Platinum 90% 90% @ 20% load 92% @ 50% load 89% @ 100% load","IEC 320 C14"]		not a configuration: "80 Plus Platinum 90% 90% @ 20% load 92% @ 50% load 89% @ 100"
164488	PWR-CH1-400WAC	retract	["80 Plus Silver 85% @ 20% load 89% @ 50% load 85% @ 100% load","IEC 320 Style"]		not a configuration: "80 Plus Silver 85% @ 20% load 89% @ 50% load 85% @ 100% load"
164493	PWR-CH1-400WDC=	retract	["85% @ 20% load 88% @ 50% load 85% @ 100% load","TBD"]		not a configuration: "85% @ 20% load 88% @ 50% load 85% @ 100% load"
164484	PWR-CH1-750WACR	retract	["80 Plus Platinum 90% @ 20% load 92% @ 50% load 89% @ 100% load","IEC 320 C14"]		not a configuration: "80 Plus Platinum 90% @ 20% load 92% @ 50% load 89% @ 100% lo"
164486	PWR-CH1-950WDCR	retract	["86%","Amphenol FXTH series 2 terminal block"]		not a configuration: "86%"
148804	PWR-RGD-AC-DC-250	retract	["High AC/DC (100-250 VDC/100-240 VAC) 250 W – 2.55 lb/1.15 kg"]		not a configuration: "High AC/DC (100-250 VDC/100-240 VAC) 250 W – 2.55 lb/1.15 kg"
113320	PWR-VG410-250WAC	retract	["Cisco VG410 250W AC Power supply"]		not a configuration: "Cisco VG410 250W AC Power supply"
113538	PWR-VG410-250WAC=	retract	["Cisco VG410 250W AC Power supply spare"]		not a configuration: "Cisco VG410 250W AC Power supply spare"
113414	PWR-VG420-650WAC	retract	["Cisco VG420 650W AC Power supply"]		not a configuration: "Cisco VG420 650W AC Power supply"
113292	PWR-VG420-650WAC2	retract	["Cisco VG420 650W AC Power supply - Secondary"]		not a configuration: "Cisco VG420 650W AC Power supply - Secondary"
113846	PWR-VG420-650WAC=	retract	["Cisco VG420 650W AC Power supply - SPARE"]		not a configuration: "Cisco VG420 650W AC Power supply - SPARE"
113848	PWR-VG420-650WDC	retract	["Cisco VG420 650W DC Power supply"]		not a configuration: "Cisco VG420 650W DC Power supply"
113823	PWR-VG420-650WDC2	retract	["Cisco VG420 650W DC Power supply - Secondary"]		not a configuration: "Cisco VG420 650W DC Power supply - Secondary"
113622	PWR-VG420-650WDC=	retract	["Cisco VG420 650W DC Power supply - SPARE"]		not a configuration: "Cisco VG420 650W DC Power supply - SPARE"
113322	PWR1-20W-12VDC	retract	["12VDC Power Adapter for C819(H)G SKUs"]		not a configuration: "12VDC Power Adapter for C819(H)G SKUs"
113599	PWR1-20W-24VDC	retract	["24VDC Power Adapter for C819(H)G SKUs"]		not a configuration: "24VDC Power Adapter for C819(H)G SKUs"
113850	PWR1-20W-AC	retract	["AC Power Adapter for C819(H)G SKUs"]		not a configuration: "AC Power Adapter for C819(H)G SKUs"
113944	PWR2-20W-12VDC	retract	["12V DC power adapter for vehicle for the Cisco 810 level ISRs"]		not a configuration: "12V DC power adapter for vehicle for the Cisco 810 level ISR"
114014	PWR2-20W-24VDC	retract	["24V DC power adapter for vehicle for the Cisco 810 level ISRs"]		not a configuration: "24V DC power adapter for vehicle for the Cisco 810 level ISR"
114025	PWR2-20W-AC	retract	["AC power adapter for the Cisco 810 level ISRs (default)"]		not a configuration: "AC power adapter for the Cisco 810 level ISRs (default)"
113692	PWR2-22W-20-60VDC	retract	["20-60V DC power adapter for the Cisco 810 ISRs"]		not a configuration: "20-60V DC power adapter for the Cisco 810 ISRs"
114344	RFGW-10-PWR-DC1	retract	["RFGW DC PEM with monitoring v1"]		not a configuration: "RFGW DC PEM with monitoring v1"
114348	RFGW-10-PWR-DC1=	retract	["RFGW DC PEM with monitoring v1 spare"]		not a configuration: "RFGW DC PEM with monitoring v1 spare"
122044	UCS-FAN-6248UP	retract	["UCS 6248UP Fan Module"]		not a configuration: "UCS 6248UP Fan Module"
122111	UCS-FAN-6296UP	retract	["UCS 6296UP Fan Module"]		not a configuration: "UCS 6296UP Fan Module"
148556	UCS-FAN-6332	retract	["UCS 6332/6454 fan module"]		not a configuration: "UCS 6332/6454 fan module"
122194	UCS-FAN-64108	retract	["UCS 64108 fan module"]		not a configuration: "UCS 64108 fan module"
122319	UCS-FAN-6536	retract	["UCS 6536 fan module"]		not a configuration: "UCS 6536 fan module"
122197	UCS-FAN-6652	retract	["UCS 6652 fan module"]		not a configuration: "UCS 6652 fan module"
122047	UCS-FAN-6664	retract	["UCS 6664 fan module"]		not a configuration: "UCS 6664 fan module"
122996	UCS-PSU-6248-HVDC	retract	["UCS 750W 200V-380V DC Hot Plug Power Supply for 6428UP FI"]		not a configuration: "UCS 750W 200V-380V DC Hot Plug Power Supply for 6428UP FI"
148809	UCS-PSU-6248UP-AC	retract	["UCS 6248UP Power Supply/100-240VAC"]		not a configuration: "UCS 6248UP Power Supply/100-240VAC"
148812	UCS-PSU-6248UP-DC	retract	["UCS 6248UP Power Supply/-48VDC"]		not a configuration: "UCS 6248UP Power Supply/-48VDC"
148817	UCS-PSU-6296UP-AC	retract	["UCS 6296UP Power Supply/100-240VAC"]		not a configuration: "UCS 6296UP Power Supply/100-240VAC"
123137	UCS-PSU-6296UP-DC	retract	["UCS 6296UP Power Supply DC"]		not a configuration: "UCS 6296UP Power Supply DC"
148555	UCS-PSU-6332-AC	retract	["UCS 6332/6454 power supply/100-240VAC (650 W)"]		not a configuration: "UCS 6332/6454 power supply/100-240VAC (650 W)"
164497	UCS-PSU-6332-DC	retract	["UCS 6332/6454 power supply/-48VDC (930 W)","UCS 64108 Power Supply/-48VDC"]		not a configuration: "UCS 6332/6454 power supply/-48VDC (930 W)"
148792	UCS-PSU-64108-AC	retract	["UCS 64108 power supply/100-240VAC"]		not a configuration: "UCS 64108 power supply/100-240VAC"
143504	UCS-PSU-6536-AC	retract	["UCS 6536 platinum power supply/100-240VAC (1100 W)"]		not a configuration: "UCS 6536 platinum power supply/100-240VAC (1100 W)"
149334	UCS-PSU-6600-AC	retract	["UCS 6600 platinum power supply/100-240VAC (1400 W)"]		not a configuration: "UCS 6600 platinum power supply/100-240VAC (1400 W)"
124330	UCSC-PSU-930WDC	retract	["930W -48V DC PS","Port-side Intake"]		not a configuration: "930W -48V DC PS"
126834	VG420-FAN-2R	retract	["Cisco VG420 Fan Tray","2RU"]		not a configuration: "Cisco VG420 Fan Tray"
126849	VG420-FAN-2R=	retract	["Cisco VG420 Fan Tray","2RU SPARE"]		not a configuration: "Cisco VG420 Fan Tray"
66687	WS-C3850-12S	retract	["350WAC"]		not a configuration: "350WAC"
66670	WS-C3850-12X48U	retract	["1100WAC"]		not a configuration: "1100WAC"
66719	WS-C3850-12XS	retract	["350WAC"]		not a configuration: "350WAC"
66568	WS-C3850-24P	retract	["715WAC"]		not a configuration: "715WAC"
66703	WS-C3850-24S	retract	["350WAC"]		not a configuration: "350WAC"
66535	WS-C3850-24T	retract	["350WAC"]		not a configuration: "350WAC"
66618	WS-C3850-24U	retract	["1100WAC"]		not a configuration: "1100WAC"
66735	WS-C3850-24XS	retract	["715 WAC"]		not a configuration: "715 WAC"
66652	WS-C3850-24XU	retract	["1100WAC"]		not a configuration: "1100WAC"
66601	WS-C3850-48F	retract	["1100WAC"]		not a configuration: "1100WAC"
66584	WS-C3850-48P	retract	["715WAC"]		not a configuration: "715WAC"
66551	WS-C3850-48T	retract	["350WAC"]		not a configuration: "350WAC"
66635	WS-C3850-48U	retract	["1100WAC"]		not a configuration: "1100WAC"
66751	WS-C3850-48XS	retract	["750WAC (front to back)"]		not a configuration: "750WAC (front to back)"
129145	Z4	retract	["50W DC"]		not a configuration: "50W DC"
129153	Z4C	retract	["50W DC"]		not a configuration: "50W DC"
