conflict_id	part_id	field_key	other_side_doc_type	other_side_method
1541	12432	temp_storage	vendor_datasheet_html	html_table
11442	59143	supported_protocols	vendor_datasheet_html	html_table
31459	11642	temp_operating	vendor_datasheet_html	html_table
12053	19147	supported_protocols	vendor_datasheet_html	html_table
30484	43727	temp_operating	vendor_datasheet_html	html_table
13389	11385	humidity_storage	vendor_datasheet_html	html_table
13728	72493	optical_pm	vendor_datasheet_html	html_table
13762	72721	optical_pm	vendor_datasheet_html	html_table
1021	71871	temp_storage	vendor_datasheet_html	html_table
29629	12432	certifications	vendor_datasheet_html	html_table
19181	22314	certifications	vendor_datasheet_html	html_table
19481	20109	humidity_storage	vendor_datasheet_html	html_table
19493	19842	humidity_storage	vendor_datasheet_html	html_table
38176	20109	humidity_storage	vendor_datasheet_html	html_table
38177	20109	altitude_max	vendor_datasheet_html	html_table
38180	19948	humidity_storage	vendor_datasheet_html	html_table
38181	19948	altitude_max	vendor_datasheet_html	html_table
38184	19728	humidity_storage	vendor_datasheet_html	html_table
38185	19728	altitude_max	vendor_datasheet_html	html_table
22831	91075	humidity_storage	vendor_datasheet_html	html_table
9537	19908	altitude_max	vendor_datasheet_html	html_table
38188	19842	humidity_storage	vendor_datasheet_html	html_table
38189	19842	altitude_max	vendor_datasheet_html	html_table
23702	61317	supported_protocols	vendor_datasheet_html	html_table
23705	61322	supported_protocols	vendor_datasheet_html	html_table
38193	19879	altitude_max	vendor_datasheet_html	html_table
25299	18789	supported_protocols	vendor_datasheet_html	html_table
26970	11744	certifications	vendor_datasheet_html	html_table
27163	61288	supported_protocols	vendor_datasheet_html	html_table
38196	19908	humidity_storage	vendor_datasheet_html	html_table
38197	19908	altitude_max	vendor_datasheet_html	html_table
33266	11385	etsi_standards	vendor_datasheet_html	html_table
33265	11385	temp_storage	vendor_datasheet_html	html_table
33271	11645	certifications	vendor_datasheet_html	html_table
35880	62409	humidity_operating	vendor_datasheet_html	html_table
35932	73431	temp_operating	vendor_datasheet_html	html_table
35933	73834	temp_operating	vendor_datasheet_html	html_table
35983	11385	etsi_standards	vendor_datasheet_html	html_table
35984	11385	certifications	vendor_datasheet_html	html_table
35987	11645	etsi_standards	vendor_datasheet_html	html_table
35995	11386	etsi_standards	vendor_datasheet_html	html_table
25964	19962	ieee_standards	vendor_datasheet_html	html_table
25966	19738	ieee_standards	vendor_datasheet_html	html_table
39563	91075	programming_interfaces	vendor_datasheet_html	html_table
39599	91038	programming_interfaces	vendor_datasheet_html	html_table
1495	43952	certifications	vendor_datasheet_html	html_table
1542	12432	certifications	vendor_datasheet_html	html_table
1547	12658	temp_storage	vendor_datasheet_html	html_table
1548	12658	certifications	vendor_datasheet_html	html_table
41672	91020	emc_immunity	vendor_datasheet_html	html_table
41679	91020	emc_immunity	vendor_datasheet_html	html_table
41711	91009	emc_immunity	vendor_datasheet_html	html_table
41718	91009	emc_immunity	vendor_datasheet_html	html_table
29827	11695	temp_operating	vendor_datasheet_html	html_table
29831	11606	temp_operating	vendor_datasheet_html	html_table
11349	59164	supported_protocols	vendor_datasheet_html	html_table
11358	59165	supported_protocols	vendor_datasheet_html	html_table
11367	58961	supported_protocols	vendor_datasheet_html	html_table
11376	59089	supported_protocols	vendor_datasheet_html	html_table
11383	59091	supported_protocols	vendor_datasheet_html	html_table
11392	58991	supported_protocols	vendor_datasheet_html	html_table
11395	58815	supported_protocols	vendor_datasheet_html	html_table
11404	58934	supported_protocols	vendor_datasheet_html	html_table
11411	58863	supported_protocols	vendor_datasheet_html	html_table
11414	58992	supported_protocols	vendor_datasheet_html	html_table
11419	58993	supported_protocols	vendor_datasheet_html	html_table
11422	59219	supported_protocols	vendor_datasheet_html	html_table
11431	58935	supported_protocols	vendor_datasheet_html	html_table
11434	58962	supported_protocols	vendor_datasheet_html	html_table
11439	58868	supported_protocols	vendor_datasheet_html	html_table
11470	62992	supported_protocols	vendor_datasheet_html	html_table
11471	62992	certifications	vendor_datasheet_html	html_table
11473	63097	supported_protocols	vendor_datasheet_html	html_table
11474	63097	certifications	vendor_datasheet_html	html_table
11472	63097	optical_pm	vendor_datasheet_html	html_table
11543	90998	certifications	vendor_datasheet_html	html_table
11544	90903	certifications	vendor_datasheet_html	html_table
11638	68954	optical_pm	vendor_datasheet_html	html_table
11680	60960	supported_protocols	vendor_datasheet_html	html_table
11708	60860	supported_protocols	vendor_datasheet_html	html_table
11732	61100	supported_protocols	vendor_datasheet_html	html_table
11840	77240	certifications	vendor_datasheet_html	html_table
11841	77040	certifications	vendor_datasheet_html	html_table
29839	11438	temp_operating	vendor_datasheet_html	html_table
29843	11542	temp_operating	vendor_datasheet_html	html_table
11982	73431	qos_features	vendor_datasheet_html	html_table
11983	73431	temp_operating	vendor_datasheet_html	html_table
11985	73834	qos_features	vendor_datasheet_html	html_table
11986	73834	temp_operating	vendor_datasheet_html	html_table
12671	21791	ieee_standards	vendor_datasheet_html	html_table
12673	21499	ieee_standards	vendor_datasheet_html	html_table
12693	21688	ieee_standards	vendor_datasheet_html	html_table
12699	21601	ieee_standards	vendor_datasheet_html	html_table
12785	22291	ieee_standards	vendor_datasheet_html	html_table
12791	22177	ieee_standards	vendor_datasheet_html	html_table
12807	21979	ieee_standards	vendor_datasheet_html	html_table
12811	22231	ieee_standards	vendor_datasheet_html	html_table
12865	22180	ieee_standards	vendor_datasheet_html	html_table
12871	22264	ieee_standards	vendor_datasheet_html	html_table
12875	21984	ieee_standards	vendor_datasheet_html	html_table
12877	22076	ieee_standards	vendor_datasheet_html	html_table
12883	22045	ieee_standards	vendor_datasheet_html	html_table
12885	21951	ieee_standards	vendor_datasheet_html	html_table
12889	22020	ieee_standards	vendor_datasheet_html	html_table
12895	22103	ieee_standards	vendor_datasheet_html	html_table
12897	22104	ieee_standards	vendor_datasheet_html	html_table
12933	22297	ieee_standards	vendor_datasheet_html	html_table
13132	72014	ieee_standards	vendor_datasheet_html	html_table
13133	71929	ieee_standards	vendor_datasheet_html	html_table
13134	72205	ieee_standards	vendor_datasheet_html	html_table
13135	71959	ieee_standards	vendor_datasheet_html	html_table
13136	72206	ieee_standards	vendor_datasheet_html	html_table
13137	72171	ieee_standards	vendor_datasheet_html	html_table
13138	72044	ieee_standards	vendor_datasheet_html	html_table
13139	72207	ieee_standards	vendor_datasheet_html	html_table
13140	72079	ieee_standards	vendor_datasheet_html	html_table
13141	71901	ieee_standards	vendor_datasheet_html	html_table
26941	11382	temp_operating	vendor_datasheet_html	html_table
13369	75957	supported_protocols	vendor_datasheet_html	html_table
13370	75957	qos_features	vendor_datasheet_html	html_table
13371	75957	crypto_algorithms	vendor_datasheet_html	html_table
13446	11726	certifications	vendor_datasheet_html	html_table
13447	11726	temp_operating	vendor_datasheet_html	html_table
13448	11412	certifications	vendor_datasheet_html	html_table
13449	11412	temp_operating	vendor_datasheet_html	html_table
13450	11752	certifications	vendor_datasheet_html	html_table
13451	11752	temp_operating	vendor_datasheet_html	html_table
13452	11458	certifications	vendor_datasheet_html	html_table
13453	11458	temp_operating	vendor_datasheet_html	html_table
26943	11334	temp_operating	vendor_datasheet_html	html_table
13543	43788	certifications	vendor_datasheet_html	html_table
13544	43788	ieee_standards	vendor_datasheet_html	html_table
13546	43788	snmp_mibs	vendor_datasheet_html	html_table
13709	90941	supported_protocols	vendor_datasheet_html	html_table
13711	90960	supported_protocols	vendor_datasheet_html	html_table
13764	74825	optical_pm	vendor_datasheet_html	html_table
13843	36976	qos_features	vendor_datasheet_html	html_table
13844	36833	qos_features	vendor_datasheet_html	html_table
29807	11689	temp_operating	vendor_datasheet_html	html_table
29811	11633	temp_operating	vendor_datasheet_html	html_table
27115	67032	optical_pm	vendor_datasheet_html	html_table
19047	21851	certifications	vendor_datasheet_html	html_table
19485	19948	humidity_storage	vendor_datasheet_html	html_table
19489	19728	humidity_storage	vendor_datasheet_html	html_table
19479	20109	ieee_standards	vendor_datasheet_html	html_table
19482	20109	altitude_max	vendor_datasheet_html	html_table
19497	19879	humidity_storage	vendor_datasheet_html	html_table
19501	19908	humidity_storage	vendor_datasheet_html	html_table
19495	19879	ieee_standards	vendor_datasheet_html	html_table
19498	19879	altitude_max	vendor_datasheet_html	html_table
20961	43952	rfc_compliance	vendor_datasheet_html	html_table
20964	43952	certifications	vendor_datasheet_html	html_table
20970	43952	snmp_mibs	vendor_datasheet_html	html_table
21183	11750	certifications	vendor_datasheet_html	html_table
21184	11750	temp_operating	vendor_datasheet_html	html_table
21185	11452	certifications	vendor_datasheet_html	html_table
21186	11452	temp_operating	vendor_datasheet_html	html_table
21187	11574	certifications	vendor_datasheet_html	html_table
21188	11574	temp_operating	vendor_datasheet_html	html_table
21189	11354	certifications	vendor_datasheet_html	html_table
21190	11354	temp_operating	vendor_datasheet_html	html_table
30487	43727	temp_operating	vendor_datasheet_html	html_table
29815	11479	temp_operating	vendor_datasheet_html	html_table
22834	91075	supported_protocols	vendor_datasheet_html	html_table
22839	91075	emc_immunity	vendor_datasheet_html	html_table
22868	91038	supported_protocols	vendor_datasheet_html	html_table
22873	91038	emc_immunity	vendor_datasheet_html	html_table
23546	61263	supported_protocols	vendor_datasheet_html	html_table
23709	61322	supported_protocols	vendor_datasheet_html	html_table
29819	11333	temp_operating	vendor_datasheet_html	html_table
24317	43881	certifications	vendor_datasheet_html	html_table
24318	43881	ieee_standards	vendor_datasheet_html	html_table
24320	43881	snmp_mibs	vendor_datasheet_html	html_table
24499	11406	certifications	vendor_datasheet_html	html_table
24500	11406	temp_operating	vendor_datasheet_html	html_table
24501	11332	certifications	vendor_datasheet_html	html_table
24502	11332	temp_operating	vendor_datasheet_html	html_table
24503	11478	certifications	vendor_datasheet_html	html_table
24504	11478	temp_operating	vendor_datasheet_html	html_table
29823	11572	temp_operating	vendor_datasheet_html	html_table
24931	91008	supported_protocols	vendor_datasheet_html	html_table
24932	91008	temp_operating	vendor_datasheet_html	html_table
24936	90860	supported_protocols	vendor_datasheet_html	html_table
24937	90860	temp_operating	vendor_datasheet_html	html_table
24933	91008	certifications	vendor_datasheet_html	html_table
24941	91076	supported_protocols	vendor_datasheet_html	html_table
24942	91076	temp_operating	vendor_datasheet_html	html_table
24944	91076	emc_immunity	vendor_datasheet_html	html_table
24950	91020	temp_operating	vendor_datasheet_html	html_table
24953	91020	supported_protocols	vendor_datasheet_html	html_table
24955	91020	certifications	vendor_datasheet_html	html_table
24956	91020	emc_immunity	vendor_datasheet_html	html_table
24958	90991	supported_protocols	vendor_datasheet_html	html_table
24959	90991	temp_operating	vendor_datasheet_html	html_table
24963	90942	supported_protocols	vendor_datasheet_html	html_table
24964	90942	temp_operating	vendor_datasheet_html	html_table
24960	90991	certifications	vendor_datasheet_html	html_table
24968	90914	supported_protocols	vendor_datasheet_html	html_table
24969	90914	temp_operating	vendor_datasheet_html	html_table
24977	91009	temp_operating	vendor_datasheet_html	html_table
24971	90914	emc_immunity	vendor_datasheet_html	html_table
24980	91009	supported_protocols	vendor_datasheet_html	html_table
24982	91009	certifications	vendor_datasheet_html	html_table
24983	91009	emc_immunity	vendor_datasheet_html	html_table
25009	63127	supported_protocols	vendor_datasheet_html	html_table
25010	63127	certifications	vendor_datasheet_html	html_table
25300	19153	supported_protocols	vendor_datasheet_html	html_table
29851	11520	temp_operating	vendor_datasheet_html	html_table
25958	19814	ieee_standards	vendor_datasheet_html	html_table
26813	43887	supported_protocols	vendor_datasheet_html	html_table
26814	43887	certifications	vendor_datasheet_html	html_table
26938	11541	certifications	vendor_datasheet_html	html_table
26940	11382	certifications	vendor_datasheet_html	html_table
26942	11334	certifications	vendor_datasheet_html	html_table
26946	11591	certifications	vendor_datasheet_html	html_table
26947	11591	temp_operating	vendor_datasheet_html	html_table
26948	11565	certifications	vendor_datasheet_html	html_table
26939	11541	temp_operating	vendor_datasheet_html	html_table
26949	11565	temp_operating	vendor_datasheet_html	html_table
26956	11624	certifications	vendor_datasheet_html	html_table
26957	11624	temp_operating	vendor_datasheet_html	html_table
26958	11373	certifications	vendor_datasheet_html	html_table
26959	11373	temp_operating	vendor_datasheet_html	html_table
26960	11471	certifications	vendor_datasheet_html	html_table
26961	11471	temp_operating	vendor_datasheet_html	html_table
26962	11472	certifications	vendor_datasheet_html	html_table
26963	11472	temp_operating	vendor_datasheet_html	html_table
26971	11744	temp_operating	vendor_datasheet_html	html_table
27145	61023	supported_protocols	vendor_datasheet_html	html_table
27491	36818	qos_features	vendor_datasheet_html	html_table
27493	73664	qos_features	vendor_datasheet_html	html_table
27495	73542	qos_features	vendor_datasheet_html	html_table
27497	73777	qos_features	vendor_datasheet_html	html_table
27499	73462	qos_features	vendor_datasheet_html	html_table
35150	43727	temp_operating	vendor_datasheet_html	html_table
34950	11689	temp_operating	vendor_datasheet_html	html_table
34951	11633	temp_operating	vendor_datasheet_html	html_table
34952	11479	temp_operating	vendor_datasheet_html	html_table
34953	11333	temp_operating	vendor_datasheet_html	html_table
34954	11572	temp_operating	vendor_datasheet_html	html_table
34955	11695	temp_operating	vendor_datasheet_html	html_table
34956	11606	temp_operating	vendor_datasheet_html	html_table
34965	11520	temp_operating	vendor_datasheet_html	html_table
34960	11438	temp_operating	vendor_datasheet_html	html_table
34961	11542	temp_operating	vendor_datasheet_html	html_table
35703	11642	temp_operating	vendor_datasheet_html	html_table
35704	11609	temp_operating	vendor_datasheet_html	html_table
35596	22628	temp_operating	vendor_datasheet_html	html_table
35597	22628	temp_storage	vendor_datasheet_html	html_table
35598	22628	humidity_storage	vendor_datasheet_html	html_table
35695	11513	temp_operating	vendor_datasheet_html	html_table
35696	11436	temp_operating	vendor_datasheet_html	html_table
35697	11579	temp_operating	vendor_datasheet_html	html_table
35698	11383	temp_operating	vendor_datasheet_html	html_table
35699	11639	temp_operating	vendor_datasheet_html	html_table
35702	11731	temp_operating	vendor_datasheet_html	html_table
36024	11726	temp_operating	vendor_datasheet_html	html_table
36025	11412	temp_operating	vendor_datasheet_html	html_table
36026	11752	temp_operating	vendor_datasheet_html	html_table
36027	11458	temp_operating	vendor_datasheet_html	html_table
39114	11354	temp_operating	vendor_datasheet_html	html_table
41644	91008	temp_operating	vendor_datasheet_html	html_table
41652	90860	temp_operating	vendor_datasheet_html	html_table
41660	91076	temp_operating	vendor_datasheet_html	html_table
41670	91020	temp_operating	vendor_datasheet_html	html_table
41683	90991	temp_operating	vendor_datasheet_html	html_table
41691	90942	temp_operating	vendor_datasheet_html	html_table
41699	90914	temp_operating	vendor_datasheet_html	html_table
41709	91009	temp_operating	vendor_datasheet_html	html_table
6554	9296	programming_interfaces	vendor_datasheet_html	html_table
6558	9542	programming_interfaces	vendor_datasheet_html	html_table
6559	9462	programming_interfaces	vendor_datasheet_html	html_table
6560	9605	programming_interfaces	vendor_datasheet_html	html_table
7729	11479	temp_operating	vendor_datasheet_html	html_table
6901	43817	rfc_compliance	vendor_datasheet_html	html_table
7725	11689	temp_operating	vendor_datasheet_html	html_table
7727	11633	temp_operating	vendor_datasheet_html	html_table
7731	11333	temp_operating	vendor_datasheet_html	html_table
7735	11695	temp_operating	vendor_datasheet_html	html_table
7737	11606	temp_operating	vendor_datasheet_html	html_table
7738	11606	optical_pm	vendor_datasheet_html	html_table
7744	11438	temp_operating	vendor_datasheet_html	html_table
7747	11542	optical_pm	vendor_datasheet_html	html_table
7753	11520	temp_operating	vendor_datasheet_html	html_table
8248	91022	optical_pm	vendor_datasheet_html	html_table
9169	43727	supported_protocols	vendor_datasheet_html	html_table
10358	22628	temp_operating	vendor_datasheet_html	html_table
10359	22628	altitude_max	vendor_datasheet_html	html_table
10767	11436	temp_operating	vendor_datasheet_html	html_table
10773	11383	temp_operating	vendor_datasheet_html	html_table
10776	11639	temp_operating	vendor_datasheet_html	html_table
10785	11731	temp_operating	vendor_datasheet_html	html_table
10791	11609	temp_operating	vendor_datasheet_html	html_table
11469	62992	optical_pm	vendor_datasheet_html	html_table
11639	69068	optical_pm	vendor_datasheet_html	html_table
11640	74733	optical_pm	vendor_datasheet_html	html_table
11641	91041	optical_pm	vendor_datasheet_html	html_table
12215	70715	ieee_standards	vendor_guide	html_table
12216	70746	ieee_standards	vendor_guide	html_table
12217	70827	ieee_standards	vendor_guide	html_table
12675	21792	ieee_standards	vendor_datasheet_html	html_table
12677	21718	ieee_standards	vendor_datasheet_html	html_table
12695	21562	ieee_standards	vendor_datasheet_html	html_table
12697	21766	ieee_standards	vendor_datasheet_html	html_table
12775	21945	ieee_standards	vendor_datasheet_html	html_table
12787	22101	ieee_standards	vendor_datasheet_html	html_table
12789	22230	ieee_standards	vendor_datasheet_html	html_table
12805	22292	ieee_standards	vendor_datasheet_html	html_table
12809	21909	ieee_standards	vendor_datasheet_html	html_table
12867	21872	ieee_standards	vendor_datasheet_html	html_table
12869	22295	ieee_standards	vendor_datasheet_html	html_table
12873	21983	ieee_standards	vendor_datasheet_html	html_table
12879	22077	ieee_standards	vendor_datasheet_html	html_table
12881	22044	ieee_standards	vendor_datasheet_html	html_table
12887	22296	ieee_standards	vendor_datasheet_html	html_table
12891	21873	ieee_standards	vendor_datasheet_html	html_table
12893	22151	ieee_standards	vendor_datasheet_html	html_table
12931	22233	ieee_standards	vendor_datasheet_html	html_table
12935	22265	ieee_standards	vendor_datasheet_html	html_table
12937	22298	ieee_standards	vendor_datasheet_html	html_table
13039	22269	ieee_standards	vendor_datasheet_html	html_table
13545	43788	rfc_compliance	vendor_datasheet_html	html_table
13726	72254	optical_pm	vendor_datasheet_html	html_table
13727	72649	optical_pm	vendor_datasheet_html	html_table
13763	72746	optical_pm	vendor_datasheet_html	html_table
13765	91012	optical_pm	vendor_datasheet_html	html_table
19483	19948	ieee_standards	vendor_datasheet_html	html_table
19486	19948	altitude_max	vendor_datasheet_html	html_table
19487	19728	ieee_standards	vendor_datasheet_html	html_table
19490	19728	altitude_max	vendor_datasheet_html	html_table
19491	19842	ieee_standards	vendor_datasheet_html	html_table
19494	19842	altitude_max	vendor_datasheet_html	html_table
19499	19908	ieee_standards	vendor_datasheet_html	html_table
19502	19908	altitude_max	vendor_datasheet_html	html_table
20958	43952	supported_protocols	vendor_datasheet_html	html_table
20960	43952	ieee_standards	vendor_datasheet_html	html_table
1891	43727	temp_operating	vendor_datasheet_html	html_table
22838	91075	certifications	vendor_datasheet_html	html_table
22872	91038	certifications	vendor_datasheet_html	html_table
24319	43881	rfc_compliance	vendor_datasheet_html	html_table
24316	43881	supported_protocols	vendor_datasheet_html	html_table
24934	91008	emc_immunity	vendor_datasheet_html	html_table
24938	90860	certifications	vendor_datasheet_html	html_table
24939	90860	emc_immunity	vendor_datasheet_html	html_table
24943	91076	certifications	vendor_datasheet_html	html_table
24961	90991	emc_immunity	vendor_datasheet_html	html_table
24965	90942	certifications	vendor_datasheet_html	html_table
24966	90942	emc_immunity	vendor_datasheet_html	html_table
24970	90914	certifications	vendor_datasheet_html	html_table
25032	29152	optical_pm	vendor_datasheet_html	html_table
25954	20211	ieee_standards	vendor_datasheet_html	html_table
25956	19959	ieee_standards	vendor_datasheet_html	html_table
6900	43817	ieee_standards	vendor_datasheet_html	html_table
13542	43788	supported_protocols	vendor_datasheet_html	html_table
31075	22628	temp_operating	vendor_datasheet_html	html_table
31153	19027	emc_immunity	vendor_datasheet_html	html_table
31145	19218	temp_storage	vendor_datasheet_html	html_table
31148	19218	temp_storage	vendor_datasheet_html	html_table
31427	11513	temp_operating	vendor_datasheet_html	html_table
31431	11436	temp_operating	vendor_datasheet_html	html_table
31435	11579	temp_operating	vendor_datasheet_html	html_table
31439	11383	temp_operating	vendor_datasheet_html	html_table
31455	11731	temp_operating	vendor_datasheet_html	html_table
32284	62409	emc_immunity	vendor_datasheet_html	html_table
32601	73431	temp_operating	vendor_datasheet_html	html_table
32607	73834	temp_operating	vendor_datasheet_html	html_table
33276	11386	ieee_standards	vendor_datasheet_html	html_table
38192	19879	humidity_storage	vendor_datasheet_html	html_table
39099	11750	temp_operating	vendor_datasheet_html	html_table
39104	11452	temp_operating	vendor_datasheet_html	html_table
39321	58938	supported_protocols	vendor_datasheet_html	html_table
39322	58938	fabric_services	vendor_datasheet_html	html_table
40600	61322	snmp_mibs	vendor_datasheet_html	html_table
42835	11541	temp_operating	vendor_datasheet_html	html_table
42839	11382	temp_operating	vendor_datasheet_html	html_table
42882	11471	temp_operating	vendor_datasheet_html	html_table
25960	20212	ieee_standards	vendor_datasheet_html	html_table
25962	20083	ieee_standards	vendor_datasheet_html	html_table
31076	22628	altitude_max	vendor_datasheet_html	html_table
31077	22628	temp_storage	vendor_datasheet_html	html_table
31078	22628	humidity_storage	vendor_datasheet_html	html_table
31463	11609	temp_operating	vendor_datasheet_html	html_table
31443	11639	temp_operating	vendor_datasheet_html	html_table
33324	11726	temp_operating	vendor_datasheet_html	html_table
33329	11412	temp_operating	vendor_datasheet_html	html_table
33334	11752	temp_operating	vendor_datasheet_html	html_table
33339	11458	temp_operating	vendor_datasheet_html	html_table
39109	11574	temp_operating	vendor_datasheet_html	html_table
41240	11406	temp_operating	vendor_datasheet_html	html_table
41245	11332	temp_operating	vendor_datasheet_html	html_table
41250	11478	temp_operating	vendor_datasheet_html	html_table
42877	11373	temp_operating	vendor_datasheet_html	html_table
42843	11334	temp_operating	vendor_datasheet_html	html_table
42847	11591	temp_operating	vendor_datasheet_html	html_table
42852	11565	temp_operating	vendor_datasheet_html	html_table
42872	11624	temp_operating	vendor_datasheet_html	html_table
42887	11472	temp_operating	vendor_datasheet_html	html_table
42907	11744	temp_operating	vendor_datasheet_html	html_table
1421	43887	certifications	vendor_datasheet_html	html_table
1815	43788	certifications	vendor_datasheet_html	html_table
1928	43881	certifications	vendor_datasheet_html	html_table
6553	9739	programming_interfaces	vendor_datasheet_html	html_table
6557	9541	programming_interfaces	vendor_datasheet_html	html_table
6902	43817	snmp_mibs	vendor_datasheet_html	html_table
6899	43817	supported_protocols	vendor_datasheet_html	html_table
7128	90915	supported_protocols	vendor_datasheet_html	html_table
7129	90915	certifications	vendor_datasheet_html	html_table
7130	90915	emc_immunity	vendor_datasheet_html	html_table
7131	90897	supported_protocols	vendor_datasheet_html	html_table
7132	90897	certifications	vendor_datasheet_html	html_table
7133	90897	emc_immunity	vendor_datasheet_html	html_table
7724	11689	certifications	vendor_datasheet_html	html_table
7726	11633	certifications	vendor_datasheet_html	html_table
7728	11479	certifications	vendor_datasheet_html	html_table
7730	11333	certifications	vendor_datasheet_html	html_table
7732	11572	certifications	vendor_datasheet_html	html_table
7734	11695	certifications	vendor_datasheet_html	html_table
7736	11606	certifications	vendor_datasheet_html	html_table
7733	11572	temp_operating	vendor_datasheet_html	html_table
7743	11438	certifications	vendor_datasheet_html	html_table
7745	11542	certifications	vendor_datasheet_html	html_table
7746	11542	temp_operating	vendor_datasheet_html	html_table
7752	11520	certifications	vendor_datasheet_html	html_table
7849	36702	supported_protocols	vendor_datasheet_html	html_table
8170	63154	supported_protocols	vendor_datasheet_html	html_table
8171	63154	certifications	vendor_datasheet_html	html_table
8178	62884	supported_protocols	vendor_datasheet_html	html_table
8179	62884	certifications	vendor_datasheet_html	html_table
8183	63289	supported_protocols	vendor_datasheet_html	html_table
8184	63289	certifications	vendor_datasheet_html	html_table
8608	37060	certifications	vendor_datasheet_html	html_table
8609	36830	certifications	vendor_datasheet_html	html_table
8629	59139	supported_protocols	vendor_datasheet_html	html_table
8638	59217	supported_protocols	vendor_datasheet_html	html_table
8651	58960	supported_protocols	vendor_datasheet_html	html_table
8660	58894	supported_protocols	vendor_datasheet_html	html_table
8697	63126	supported_protocols	vendor_datasheet_html	html_table
8760	90933	supported_protocols	vendor_datasheet_html	html_table
9170	43727	certifications	vendor_datasheet_html	html_table
9171	43727	temp_operating	vendor_datasheet_html	html_table
9332	78592	certifications	vendor_datasheet_html	html_table
10361	22628	humidity_storage	vendor_datasheet_html	html_table
10362	22628	certifications	vendor_datasheet_html	html_table
10360	22628	temp_storage	vendor_datasheet_html	html_table
10514	71871	ieee_standards	vendor_datasheet_html	html_table
10522	72210	ieee_standards	vendor_datasheet_html	html_table
10526	72124	ieee_standards	vendor_datasheet_html	html_table
10530	71872	ieee_standards	vendor_datasheet_html	html_table
10534	72019	ieee_standards	vendor_datasheet_html	html_table
10538	72211	ieee_standards	vendor_datasheet_html	html_table
10763	11513	certifications	vendor_datasheet_html	html_table
10766	11436	certifications	vendor_datasheet_html	html_table
10769	11579	certifications	vendor_datasheet_html	html_table
10764	11513	temp_operating	vendor_datasheet_html	html_table
10772	11383	certifications	vendor_datasheet_html	html_table
10775	11639	certifications	vendor_datasheet_html	html_table
10770	11579	temp_operating	vendor_datasheet_html	html_table
10784	11731	certifications	vendor_datasheet_html	html_table
10787	11642	certifications	vendor_datasheet_html	html_table
10788	11642	temp_operating	vendor_datasheet_html	html_table
10790	11609	certifications	vendor_datasheet_html	html_table
11176	32733	supported_protocols	vendor_datasheet_html	html_table
11179	32734	supported_protocols	vendor_datasheet_html	html_table
11184	33148	supported_protocols	vendor_datasheet_html	html_table
11352	59164	supported_protocols	vendor_datasheet_html	html_table
11353	59164	fabric_services	vendor_datasheet_html	html_table
11354	59164	programming_interfaces	vendor_datasheet_html	html_table
11355	59164	certifications	vendor_datasheet_html	html_table
11356	59164	programming_interfaces	vendor_datasheet_html	html_table
11361	59165	supported_protocols	vendor_datasheet_html	html_table
11362	59165	fabric_services	vendor_datasheet_html	html_table
11363	59165	programming_interfaces	vendor_datasheet_html	html_table
11364	59165	certifications	vendor_datasheet_html	html_table
11365	59165	programming_interfaces	vendor_datasheet_html	html_table
11402	58815	programming_interfaces	vendor_datasheet_html	html_table
11370	58961	supported_protocols	vendor_datasheet_html	html_table
11371	58961	fabric_services	vendor_datasheet_html	html_table
11372	58961	programming_interfaces	vendor_datasheet_html	html_table
11373	58961	certifications	vendor_datasheet_html	html_table
11374	58961	programming_interfaces	vendor_datasheet_html	html_table
11379	59089	supported_protocols	vendor_datasheet_html	html_table
11380	59089	fabric_services	vendor_datasheet_html	html_table
11381	59089	programming_interfaces	vendor_datasheet_html	html_table
11382	59089	certifications	vendor_datasheet_html	html_table
11386	59091	supported_protocols	vendor_datasheet_html	html_table
11387	59091	fabric_services	vendor_datasheet_html	html_table
11388	59091	programming_interfaces	vendor_datasheet_html	html_table
11389	59091	certifications	vendor_datasheet_html	html_table
11390	59091	programming_interfaces	vendor_datasheet_html	html_table
11398	58815	supported_protocols	vendor_datasheet_html	html_table
11399	58815	fabric_services	vendor_datasheet_html	html_table
11400	58815	programming_interfaces	vendor_datasheet_html	html_table
11401	58815	certifications	vendor_datasheet_html	html_table
11407	58934	supported_protocols	vendor_datasheet_html	html_table
11408	58934	fabric_services	vendor_datasheet_html	html_table
11409	58934	programming_interfaces	vendor_datasheet_html	html_table
11410	58934	certifications	vendor_datasheet_html	html_table
11417	58992	programming_interfaces	vendor_datasheet_html	html_table
11425	59219	supported_protocols	vendor_datasheet_html	html_table
11426	59219	fabric_services	vendor_datasheet_html	html_table
11427	59219	programming_interfaces	vendor_datasheet_html	html_table
11428	59219	certifications	vendor_datasheet_html	html_table
11429	59219	programming_interfaces	vendor_datasheet_html	html_table
11437	58962	programming_interfaces	vendor_datasheet_html	html_table
11676	62409	humidity_operating	vendor_datasheet_html	html_table
11969	36818	qos_features	vendor_datasheet_html	html_table
11970	36818	temp_operating	vendor_datasheet_html	html_table
11971	36818	temp_operating	vendor_datasheet_html	html_table
11972	36818	certifications	vendor_datasheet_html	html_table
11974	73664	qos_features	vendor_datasheet_html	html_table
11975	73664	temp_operating	vendor_datasheet_html	html_table
11976	73664	temp_operating	vendor_datasheet_html	html_table
11977	73664	certifications	vendor_datasheet_html	html_table
11978	73542	qos_features	vendor_datasheet_html	html_table
11979	73542	temp_operating	vendor_datasheet_html	html_table
11980	73542	temp_operating	vendor_datasheet_html	html_table
11981	73542	certifications	vendor_datasheet_html	html_table
12057	19153	vlan_max	vendor_datasheet_html	html_table
12058	19153	supported_protocols	vendor_datasheet_html	html_table
12059	19153	ieee_standards	vendor_datasheet_html	html_table
12060	19153	rfc_compliance	vendor_datasheet_html	html_table
33278	11386	etsi_standards	vendor_datasheet_html	html_table
35928	73542	temp_operating	vendor_datasheet_html	html_table
13400	11646	etsi_standards	vendor_datasheet_html	html_table
13390	11385	etsi_standards	vendor_datasheet_html	html_table
13391	11385	certifications	vendor_datasheet_html	html_table
13394	11645	humidity_storage	vendor_datasheet_html	html_table
13395	11645	etsi_standards	vendor_datasheet_html	html_table
13396	11645	certifications	vendor_datasheet_html	html_table
13399	11646	humidity_storage	vendor_datasheet_html	html_table
13401	11646	certifications	vendor_datasheet_html	html_table
13398	11646	temp_storage	vendor_datasheet_html	html_table
13404	11386	humidity_storage	vendor_datasheet_html	html_table
13405	11386	etsi_standards	vendor_datasheet_html	html_table
13406	11386	certifications	vendor_datasheet_html	html_table
13409	11361	humidity_storage	vendor_datasheet_html	html_table
13410	11361	etsi_standards	vendor_datasheet_html	html_table
13411	11361	certifications	vendor_datasheet_html	html_table
13403	11386	temp_storage	vendor_datasheet_html	html_table
29614	12432	certifications	vendor_datasheet_html	html_table
29616	12432	certifications	vendor_datasheet_html	html_table
29623	12432	certifications	vendor_datasheet_html	html_table
29627	12432	certifications	vendor_datasheet_html	html_table
29633	12432	certifications	vendor_datasheet_html	html_table
29637	12432	certifications	vendor_datasheet_html	html_table
29650	12658	certifications	vendor_datasheet_html	html_table
29652	12658	certifications	vendor_datasheet_html	html_table
29659	12658	certifications	vendor_datasheet_html	html_table
29663	12658	certifications	vendor_datasheet_html	html_table
29665	12658	certifications	vendor_datasheet_html	html_table
29669	12658	certifications	vendor_datasheet_html	html_table
29673	12658	certifications	vendor_datasheet_html	html_table
29686	36349	certifications	vendor_datasheet_html	html_table
29688	36349	certifications	vendor_datasheet_html	html_table
29695	36349	certifications	vendor_datasheet_html	html_table
29699	36349	certifications	vendor_datasheet_html	html_table
29701	36349	certifications	vendor_datasheet_html	html_table
29705	36349	certifications	vendor_datasheet_html	html_table
29709	36349	certifications	vendor_datasheet_html	html_table
29836	11606	temp_operating	vendor_datasheet_html	html_table
29834	11606	ieee_standards	vendor_datasheet_html	html_table
29835	11606	certifications	vendor_datasheet_html	html_table
29846	11542	ieee_standards	vendor_datasheet_html	html_table
29847	11542	certifications	vendor_datasheet_html	html_table
29848	11542	temp_operating	vendor_datasheet_html	html_table
29921	72120	certifications	vendor_datasheet_html	html_table
29927	72120	certifications	vendor_datasheet_html	html_table
20364	36349	temp_storage	vendor_datasheet_html	html_table
20385	36349	temp_storage	vendor_datasheet_html	html_table
35107	61263	emc_immunity	vendor_datasheet_html	html_table
20512	72019	temp_storage	vendor_datasheet_html	html_table
30107	62884	qos_features	vendor_datasheet_html	html_table
30112	63289	qos_features	vendor_datasheet_html	html_table
20154	12432	temp_storage	vendor_datasheet_html	html_table
20253	12658	temp_storage	vendor_datasheet_html	html_table
20274	12658	temp_storage	vendor_datasheet_html	html_table
20139	12432	temp_storage	vendor_datasheet_html	html_table
20137	12432	temp_storage	vendor_datasheet_html	html_table
20138	12432	certifications	vendor_datasheet_html	html_table
20140	12432	certifications	vendor_datasheet_html	html_table
20142	12432	temp_storage	vendor_datasheet_html	html_table
20143	12432	certifications	vendor_datasheet_html	html_table
20146	12432	temp_storage	vendor_datasheet_html	html_table
20148	12432	certifications	vendor_datasheet_html	html_table
20150	12432	temp_storage	vendor_datasheet_html	html_table
20151	12432	certifications	vendor_datasheet_html	html_table
20155	12432	certifications	vendor_datasheet_html	html_table
20157	12432	temp_storage	vendor_datasheet_html	html_table
20158	12432	certifications	vendor_datasheet_html	html_table
20160	12432	temp_storage	vendor_datasheet_html	html_table
20161	12432	certifications	vendor_datasheet_html	html_table
20163	12432	temp_storage	vendor_datasheet_html	html_table
20164	12432	certifications	vendor_datasheet_html	html_table
30243	61263	emc_immunity	vendor_datasheet_html	html_table
30241	61263	emc_immunity	vendor_datasheet_html	html_table
30247	61263	emc_immunity	vendor_datasheet_html	html_table
20248	12658	temp_storage	vendor_datasheet_html	html_table
20249	12658	certifications	vendor_datasheet_html	html_table
20250	12658	temp_storage	vendor_datasheet_html	html_table
20251	12658	certifications	vendor_datasheet_html	html_table
20254	12658	certifications	vendor_datasheet_html	html_table
20257	12658	temp_storage	vendor_datasheet_html	html_table
20259	12658	certifications	vendor_datasheet_html	html_table
20261	12658	temp_storage	vendor_datasheet_html	html_table
20262	12658	certifications	vendor_datasheet_html	html_table
20265	12658	temp_storage	vendor_datasheet_html	html_table
20266	12658	certifications	vendor_datasheet_html	html_table
20268	12658	temp_storage	vendor_datasheet_html	html_table
20269	12658	certifications	vendor_datasheet_html	html_table
20271	12658	temp_storage	vendor_datasheet_html	html_table
20272	12658	certifications	vendor_datasheet_html	html_table
20275	12658	certifications	vendor_datasheet_html	html_table
20359	36349	temp_storage	vendor_datasheet_html	html_table
20360	36349	certifications	vendor_datasheet_html	html_table
20361	36349	temp_storage	vendor_datasheet_html	html_table
20362	36349	certifications	vendor_datasheet_html	html_table
20365	36349	certifications	vendor_datasheet_html	html_table
20368	36349	temp_storage	vendor_datasheet_html	html_table
20370	36349	certifications	vendor_datasheet_html	html_table
20372	36349	temp_storage	vendor_datasheet_html	html_table
20373	36349	certifications	vendor_datasheet_html	html_table
20376	36349	temp_storage	vendor_datasheet_html	html_table
20377	36349	certifications	vendor_datasheet_html	html_table
20379	36349	temp_storage	vendor_datasheet_html	html_table
20380	36349	certifications	vendor_datasheet_html	html_table
20382	36349	temp_storage	vendor_datasheet_html	html_table
20383	36349	certifications	vendor_datasheet_html	html_table
20386	36349	certifications	vendor_datasheet_html	html_table
20472	71871	ieee_standards	vendor_datasheet_html	html_table
20473	71871	temp_storage	vendor_datasheet_html	html_table
20474	71871	certifications	vendor_datasheet_html	html_table
20502	72210	ieee_standards	vendor_datasheet_html	html_table
20503	72210	temp_storage	vendor_datasheet_html	html_table
20504	72210	certifications	vendor_datasheet_html	html_table
20505	72124	ieee_standards	vendor_datasheet_html	html_table
20506	72124	temp_storage	vendor_datasheet_html	html_table
20507	72124	certifications	vendor_datasheet_html	html_table
20508	71872	ieee_standards	vendor_datasheet_html	html_table
20509	71872	temp_storage	vendor_datasheet_html	html_table
20510	71872	certifications	vendor_datasheet_html	html_table
20511	72019	ieee_standards	vendor_datasheet_html	html_table
20513	72019	certifications	vendor_datasheet_html	html_table
20514	72211	ieee_standards	vendor_datasheet_html	html_table
20515	72211	temp_storage	vendor_datasheet_html	html_table
20516	72211	certifications	vendor_datasheet_html	html_table
30343	59217	supported_protocols	vendor_datasheet_html	html_table
30344	59217	fabric_services	vendor_datasheet_html	html_table
30345	59217	programming_interfaces	vendor_datasheet_html	html_table
30372	58894	supported_protocols	vendor_datasheet_html	html_table
30373	58894	fabric_services	vendor_datasheet_html	html_table
30374	58894	programming_interfaces	vendor_datasheet_html	html_table
30375	59112	supported_protocols	vendor_datasheet_html	html_table
30376	59112	certifications	vendor_datasheet_html	html_table
20959	43952	certifications	vendor_datasheet_html	html_table
20963	43952	programming_interfaces	vendor_datasheet_html	html_table
20965	43952	temp_operating	vendor_datasheet_html	html_table
20966	43952	temp_storage	vendor_datasheet_html	html_table
20967	43952	shock	vendor_datasheet_html	html_table
20968	43952	ieee_standards	vendor_datasheet_html	html_table
20969	43952	rfc_compliance	vendor_datasheet_html	html_table
21171	72120	temp_storage	vendor_datasheet_html	html_table
21172	72120	certifications	vendor_datasheet_html	html_table
21175	72120	temp_storage	vendor_datasheet_html	html_table
21176	72120	certifications	vendor_datasheet_html	html_table
30613	19842	altitude_max	vendor_datasheet_html	html_table
21718	59064	diagnostics	vendor_datasheet_html	html_table
21719	59064	certifications	vendor_datasheet_html	html_table
21720	58938	diagnostics	vendor_datasheet_html	html_table
21721	58938	certifications	vendor_datasheet_html	html_table
31765	58815	fabric_services	vendor_datasheet_html	html_table
31766	58815	programming_interfaces	vendor_datasheet_html	html_table
31773	58934	fabric_services	vendor_datasheet_html	html_table
31774	58934	programming_interfaces	vendor_datasheet_html	html_table
30602	20109	certifications	vendor_datasheet_html	html_table
30604	19948	humidity_storage	vendor_datasheet_html	html_table
30605	19948	altitude_max	vendor_datasheet_html	html_table
30608	19728	humidity_storage	vendor_datasheet_html	html_table
30612	19842	humidity_storage	vendor_datasheet_html	html_table
30614	19842	certifications	vendor_datasheet_html	html_table
30616	19879	humidity_storage	vendor_datasheet_html	html_table
30617	19879	altitude_max	vendor_datasheet_html	html_table
30618	19879	certifications	vendor_datasheet_html	html_table
30620	19908	humidity_storage	vendor_datasheet_html	html_table
30621	19908	altitude_max	vendor_datasheet_html	html_table
22875	91038	emc_immunity	vendor_datasheet_html	html_table
22876	91038	emc_immunity	vendor_datasheet_html	html_table
22812	90941	programming_interfaces	vendor_datasheet_html	html_table
22809	90941	supported_protocols	vendor_datasheet_html	html_table
22810	90941	segment_routing_features	vendor_datasheet_html	html_table
22811	90941	qos_features	vendor_datasheet_html	html_table
22816	90941	supported_protocols	vendor_datasheet_html	html_table
22817	90941	qos_features	vendor_datasheet_html	html_table
22820	91075	supported_protocols	vendor_datasheet_html	html_table
22821	91075	segment_routing_features	vendor_datasheet_html	html_table
22822	91075	qos_features	vendor_datasheet_html	html_table
22836	91075	altitude_max	vendor_datasheet_html	html_table
22823	91075	programming_interfaces	vendor_datasheet_html	html_table
22825	91075	humidity_storage	vendor_datasheet_html	html_table
22826	91075	emc_immunity	vendor_datasheet_html	html_table
22827	91075	supported_protocols	vendor_datasheet_html	html_table
22828	91075	segment_routing_features	vendor_datasheet_html	html_table
22829	91075	qos_features	vendor_datasheet_html	html_table
22830	91075	programming_interfaces	vendor_datasheet_html	html_table
22832	91075	certifications	vendor_datasheet_html	html_table
22833	91075	emc_immunity	vendor_datasheet_html	html_table
22840	91075	certifications	vendor_datasheet_html	html_table
22841	91075	emc_immunity	vendor_datasheet_html	html_table
22842	91075	emc_immunity	vendor_datasheet_html	html_table
22843	90960	supported_protocols	vendor_datasheet_html	html_table
22844	90960	segment_routing_features	vendor_datasheet_html	html_table
22845	90960	qos_features	vendor_datasheet_html	html_table
22846	90960	programming_interfaces	vendor_datasheet_html	html_table
22850	90960	supported_protocols	vendor_datasheet_html	html_table
22851	90960	qos_features	vendor_datasheet_html	html_table
22854	91038	supported_protocols	vendor_datasheet_html	html_table
22855	91038	segment_routing_features	vendor_datasheet_html	html_table
22856	91038	qos_features	vendor_datasheet_html	html_table
22857	91038	programming_interfaces	vendor_datasheet_html	html_table
22859	91038	humidity_storage	vendor_datasheet_html	html_table
22860	91038	emc_immunity	vendor_datasheet_html	html_table
22861	91038	supported_protocols	vendor_datasheet_html	html_table
22862	91038	segment_routing_features	vendor_datasheet_html	html_table
22863	91038	qos_features	vendor_datasheet_html	html_table
22864	91038	programming_interfaces	vendor_datasheet_html	html_table
22865	91038	humidity_storage	vendor_datasheet_html	html_table
22866	91038	certifications	vendor_datasheet_html	html_table
22867	91038	emc_immunity	vendor_datasheet_html	html_table
22870	91038	altitude_max	vendor_datasheet_html	html_table
22874	91038	certifications	vendor_datasheet_html	html_table
22893	62884	supported_protocols	vendor_datasheet_html	html_table
22894	62884	certifications	vendor_datasheet_html	html_table
22895	62884	supported_protocols	vendor_datasheet_html	html_table
22896	62884	certifications	vendor_datasheet_html	html_table
22897	63289	supported_protocols	vendor_datasheet_html	html_table
22898	63289	certifications	vendor_datasheet_html	html_table
22899	63289	supported_protocols	vendor_datasheet_html	html_table
22900	63289	certifications	vendor_datasheet_html	html_table
23013	72254	certifications	vendor_datasheet_html	html_table
23015	72649	certifications	vendor_datasheet_html	html_table
23017	72493	certifications	vendor_datasheet_html	html_table
23549	61263	snmp_mibs	vendor_datasheet_html	html_table
23550	61263	ieee_standards	vendor_datasheet_html	html_table
23551	61263	emc_immunity	vendor_datasheet_html	html_table
23552	61263	snmp_mibs	vendor_datasheet_html	html_table
23553	61263	ieee_standards	vendor_datasheet_html	html_table
23554	61263	emc_immunity	vendor_datasheet_html	html_table
23555	61263	supported_protocols	vendor_datasheet_html	html_table
23556	61263	qos_features	vendor_datasheet_html	html_table
23557	61263	snmp_mibs	vendor_datasheet_html	html_table
23558	61263	ieee_standards	vendor_datasheet_html	html_table
23559	61263	supported_protocols	vendor_datasheet_html	html_table
23560	61263	snmp_mibs	vendor_datasheet_html	html_table
23561	61263	ieee_standards	vendor_datasheet_html	html_table
23706	61322	qos_features	vendor_datasheet_html	html_table
23707	61322	snmp_mibs	vendor_datasheet_html	html_table
23708	61322	ieee_standards	vendor_datasheet_html	html_table
31149	19218	emc_emissions	vendor_datasheet_html	html_table
31154	19027	temp_storage	vendor_datasheet_html	html_table
31156	19027	emc_immunity	vendor_datasheet_html	html_table
31159	19340	emc_immunity	vendor_datasheet_html	html_table
31160	19340	temp_storage	vendor_datasheet_html	html_table
31165	19665	emc_immunity	vendor_datasheet_html	html_table
31166	19665	temp_storage	vendor_datasheet_html	html_table
31214	71871	certifications	vendor_datasheet_html	html_table
31217	72210	certifications	vendor_datasheet_html	html_table
24935	91008	emc_immunity	vendor_datasheet_html	html_table
24940	90860	emc_immunity	vendor_datasheet_html	html_table
24945	91076	emc_immunity	vendor_datasheet_html	html_table
24946	91020	supported_protocols	vendor_datasheet_html	html_table
24947	91020	segment_routing_features	vendor_datasheet_html	html_table
24948	91020	qos_features	vendor_datasheet_html	html_table
24949	91020	programming_interfaces	vendor_datasheet_html	html_table
24951	91020	certifications	vendor_datasheet_html	html_table
24952	91020	emc_immunity	vendor_datasheet_html	html_table
24954	91020	altitude_max	vendor_datasheet_html	html_table
24957	91020	emc_immunity	vendor_datasheet_html	html_table
24978	91009	certifications	vendor_datasheet_html	html_table
24962	90991	emc_immunity	vendor_datasheet_html	html_table
24967	90942	emc_immunity	vendor_datasheet_html	html_table
24972	90914	emc_immunity	vendor_datasheet_html	html_table
24973	91009	supported_protocols	vendor_datasheet_html	html_table
24974	91009	segment_routing_features	vendor_datasheet_html	html_table
24975	91009	qos_features	vendor_datasheet_html	html_table
24976	91009	programming_interfaces	vendor_datasheet_html	html_table
24979	91009	emc_immunity	vendor_datasheet_html	html_table
24981	91009	altitude_max	vendor_datasheet_html	html_table
24984	91009	emc_immunity	vendor_datasheet_html	html_table
25011	63127	supported_protocols	vendor_datasheet_html	html_table
25014	63127	certifications	vendor_datasheet_html	html_table
31220	72124	certifications	vendor_datasheet_html	html_table
25077	61336	emc_immunity	vendor_datasheet_html	html_table
31223	71872	certifications	vendor_datasheet_html	html_table
31226	72019	certifications	vendor_datasheet_html	html_table
25154	59139	supported_protocols	vendor_datasheet_html	html_table
25155	59139	fabric_services	vendor_datasheet_html	html_table
25156	59139	programming_interfaces	vendor_datasheet_html	html_table
25157	59139	certifications	vendor_datasheet_html	html_table
25158	59139	supported_protocols	vendor_datasheet_html	html_table
25159	59139	programming_interfaces	vendor_datasheet_html	html_table
25160	59139	certifications	vendor_datasheet_html	html_table
25161	59139	supported_protocols	vendor_datasheet_html	html_table
25162	59139	diagnostics	vendor_datasheet_html	html_table
25163	59139	certifications	vendor_datasheet_html	html_table
25164	59217	supported_protocols	vendor_datasheet_html	html_table
25165	59217	fabric_services	vendor_datasheet_html	html_table
25166	59217	programming_interfaces	vendor_datasheet_html	html_table
25167	59217	certifications	vendor_datasheet_html	html_table
25168	59217	supported_protocols	vendor_datasheet_html	html_table
25169	59217	programming_interfaces	vendor_datasheet_html	html_table
25170	59217	certifications	vendor_datasheet_html	html_table
25171	59217	supported_protocols	vendor_datasheet_html	html_table
25172	59217	diagnostics	vendor_datasheet_html	html_table
25173	59217	certifications	vendor_datasheet_html	html_table
25178	58960	supported_protocols	vendor_datasheet_html	html_table
25179	58960	fabric_services	vendor_datasheet_html	html_table
25180	58960	programming_interfaces	vendor_datasheet_html	html_table
25181	58960	certifications	vendor_datasheet_html	html_table
25182	58960	supported_protocols	vendor_datasheet_html	html_table
25183	58960	diagnostics	vendor_datasheet_html	html_table
25184	58960	certifications	vendor_datasheet_html	html_table
25185	58894	supported_protocols	vendor_datasheet_html	html_table
25186	58894	fabric_services	vendor_datasheet_html	html_table
25187	58894	programming_interfaces	vendor_datasheet_html	html_table
25188	58894	certifications	vendor_datasheet_html	html_table
25189	58894	supported_protocols	vendor_datasheet_html	html_table
25190	58894	diagnostics	vendor_datasheet_html	html_table
25191	58894	certifications	vendor_datasheet_html	html_table
31230	72211	certifications	vendor_datasheet_html	html_table
25365	65878	supported_protocols	vendor_datasheet_html	html_table
25366	66295	supported_protocols	vendor_datasheet_html	html_table
26474	22628	humidity_storage	vendor_datasheet_html	html_table
26475	22628	certifications	vendor_datasheet_html	html_table
26473	22628	temp_storage	vendor_datasheet_html	html_table
26932	11542	ieee_standards	vendor_datasheet_html	html_table
26933	11542	temp_storage	vendor_datasheet_html	html_table
26934	11542	certifications	vendor_datasheet_html	html_table
27164	61288	snmp_mibs	vendor_datasheet_html	html_table
27165	61288	ieee_standards	vendor_datasheet_html	html_table
27233	32733	supported_protocols	vendor_datasheet_html	html_table
27234	32733	diagnostics	vendor_datasheet_html	html_table
27235	32733	certifications	vendor_datasheet_html	html_table
27236	32734	supported_protocols	vendor_datasheet_html	html_table
27237	32734	diagnostics	vendor_datasheet_html	html_table
27238	32734	certifications	vendor_datasheet_html	html_table
27239	33148	supported_protocols	vendor_datasheet_html	html_table
27240	33148	diagnostics	vendor_datasheet_html	html_table
27241	33148	certifications	vendor_datasheet_html	html_table
27383	59164	supported_protocols	vendor_datasheet_html	html_table
27384	59164	diagnostics	vendor_datasheet_html	html_table
27385	59164	certifications	vendor_datasheet_html	html_table
27386	59165	supported_protocols	vendor_datasheet_html	html_table
27387	59165	diagnostics	vendor_datasheet_html	html_table
27388	59165	certifications	vendor_datasheet_html	html_table
27389	58961	supported_protocols	vendor_datasheet_html	html_table
27390	58961	diagnostics	vendor_datasheet_html	html_table
27391	58961	certifications	vendor_datasheet_html	html_table
27396	59089	supported_protocols	vendor_datasheet_html	html_table
27397	59089	diagnostics	vendor_datasheet_html	html_table
27398	59089	certifications	vendor_datasheet_html	html_table
27399	59091	supported_protocols	vendor_datasheet_html	html_table
27400	59091	diagnostics	vendor_datasheet_html	html_table
27401	59091	certifications	vendor_datasheet_html	html_table
27402	58991	supported_protocols	vendor_datasheet_html	html_table
27403	58991	diagnostics	vendor_datasheet_html	html_table
27404	58991	certifications	vendor_datasheet_html	html_table
27405	58815	supported_protocols	vendor_datasheet_html	html_table
27406	58815	diagnostics	vendor_datasheet_html	html_table
27407	58815	certifications	vendor_datasheet_html	html_table
27408	58934	supported_protocols	vendor_datasheet_html	html_table
27409	58934	diagnostics	vendor_datasheet_html	html_table
27410	58934	certifications	vendor_datasheet_html	html_table
27411	58863	supported_protocols	vendor_datasheet_html	html_table
27412	58863	diagnostics	vendor_datasheet_html	html_table
27413	58863	certifications	vendor_datasheet_html	html_table
27414	58992	supported_protocols	vendor_datasheet_html	html_table
27415	58992	diagnostics	vendor_datasheet_html	html_table
27416	58992	certifications	vendor_datasheet_html	html_table
27417	58993	supported_protocols	vendor_datasheet_html	html_table
27418	58993	diagnostics	vendor_datasheet_html	html_table
27419	58993	certifications	vendor_datasheet_html	html_table
27420	59219	supported_protocols	vendor_datasheet_html	html_table
27421	59219	diagnostics	vendor_datasheet_html	html_table
27422	59219	certifications	vendor_datasheet_html	html_table
27423	58935	supported_protocols	vendor_datasheet_html	html_table
27424	58935	diagnostics	vendor_datasheet_html	html_table
27425	58935	certifications	vendor_datasheet_html	html_table
27426	58962	supported_protocols	vendor_datasheet_html	html_table
27427	58962	diagnostics	vendor_datasheet_html	html_table
27428	58962	certifications	vendor_datasheet_html	html_table
27429	58868	supported_protocols	vendor_datasheet_html	html_table
27430	58868	diagnostics	vendor_datasheet_html	html_table
27431	58868	certifications	vendor_datasheet_html	html_table
27432	59143	supported_protocols	vendor_datasheet_html	html_table
27433	59143	diagnostics	vendor_datasheet_html	html_table
27434	59143	certifications	vendor_datasheet_html	html_table
31719	59164	supported_protocols	vendor_datasheet_html	html_table
31720	59164	fabric_services	vendor_datasheet_html	html_table
31721	59164	programming_interfaces	vendor_datasheet_html	html_table
31727	59165	supported_protocols	vendor_datasheet_html	html_table
31728	59165	fabric_services	vendor_datasheet_html	html_table
31729	59165	programming_interfaces	vendor_datasheet_html	html_table
31735	58961	supported_protocols	vendor_datasheet_html	html_table
31736	58961	fabric_services	vendor_datasheet_html	html_table
31737	58961	programming_interfaces	vendor_datasheet_html	html_table
31743	59089	supported_protocols	vendor_datasheet_html	html_table
31744	59089	fabric_services	vendor_datasheet_html	html_table
31745	59089	programming_interfaces	vendor_datasheet_html	html_table
31751	59091	supported_protocols	vendor_datasheet_html	html_table
31752	59091	fabric_services	vendor_datasheet_html	html_table
31753	59091	programming_interfaces	vendor_datasheet_html	html_table
31764	58815	supported_protocols	vendor_datasheet_html	html_table
31772	58934	supported_protocols	vendor_datasheet_html	html_table
31795	59219	supported_protocols	vendor_datasheet_html	html_table
31796	59219	fabric_services	vendor_datasheet_html	html_table
31797	59219	programming_interfaces	vendor_datasheet_html	html_table
32282	62409	humidity_operating	vendor_datasheet_html	html_table
32583	36818	temp_operating	vendor_datasheet_html	html_table
32585	36818	emc_emissions	vendor_datasheet_html	html_table
32586	36818	emc_immunity	vendor_datasheet_html	html_table
32595	73542	temp_operating	vendor_datasheet_html	html_table
32594	73542	supported_protocols	vendor_datasheet_html	html_table
32597	73542	emc_emissions	vendor_datasheet_html	html_table
33267	11385	certifications	vendor_datasheet_html	html_table
33270	11645	etsi_standards	vendor_datasheet_html	html_table
33274	11646	etsi_standards	vendor_datasheet_html	html_table
33275	11646	certifications	vendor_datasheet_html	html_table
33272	11646	ieee_standards	vendor_datasheet_html	html_table
33279	11386	certifications	vendor_datasheet_html	html_table
33282	11361	etsi_standards	vendor_datasheet_html	html_table
33283	11361	certifications	vendor_datasheet_html	html_table
33281	11361	temp_storage	vendor_datasheet_html	html_table
34765	12432	certifications	vendor_datasheet_html	html_table
34767	12432	certifications	vendor_datasheet_html	html_table
34773	12432	certifications	vendor_datasheet_html	html_table
34777	12432	certifications	vendor_datasheet_html	html_table
34779	12432	certifications	vendor_datasheet_html	html_table
34783	12432	certifications	vendor_datasheet_html	html_table
34787	12432	certifications	vendor_datasheet_html	html_table
34800	12658	certifications	vendor_datasheet_html	html_table
34802	12658	certifications	vendor_datasheet_html	html_table
34808	12658	certifications	vendor_datasheet_html	html_table
34964	11542	temp_operating	vendor_datasheet_html	html_table
34812	12658	certifications	vendor_datasheet_html	html_table
34814	12658	certifications	vendor_datasheet_html	html_table
34818	12658	certifications	vendor_datasheet_html	html_table
34822	12658	certifications	vendor_datasheet_html	html_table
34835	36349	certifications	vendor_datasheet_html	html_table
34837	36349	certifications	vendor_datasheet_html	html_table
34843	36349	certifications	vendor_datasheet_html	html_table
34847	36349	certifications	vendor_datasheet_html	html_table
34849	36349	certifications	vendor_datasheet_html	html_table
34853	36349	certifications	vendor_datasheet_html	html_table
34857	36349	certifications	vendor_datasheet_html	html_table
35173	19842	humidity_storage	vendor_datasheet_html	html_table
35174	19842	altitude_max	vendor_datasheet_html	html_table
35177	19879	humidity_storage	vendor_datasheet_html	html_table
35178	19879	altitude_max	vendor_datasheet_html	html_table
34957	11606	ieee_standards	vendor_datasheet_html	html_table
34958	11606	certifications	vendor_datasheet_html	html_table
34959	11606	temp_operating	vendor_datasheet_html	html_table
34962	11542	ieee_standards	vendor_datasheet_html	html_table
34963	11542	certifications	vendor_datasheet_html	html_table
35004	72120	certifications	vendor_datasheet_html	html_table
35009	72120	certifications	vendor_datasheet_html	html_table
35085	62884	qos_features	vendor_datasheet_html	html_table
35086	63289	qos_features	vendor_datasheet_html	html_table
35105	61263	emc_immunity	vendor_datasheet_html	html_table
35108	61263	snmp_mibs	vendor_datasheet_html	html_table
35110	61263	emc_emissions	vendor_datasheet_html	html_table
35111	61263	emc_immunity	vendor_datasheet_html	html_table
35135	59217	supported_protocols	vendor_datasheet_html	html_table
35136	59217	fabric_services	vendor_datasheet_html	html_table
35137	59217	programming_interfaces	vendor_datasheet_html	html_table
35138	58894	supported_protocols	vendor_datasheet_html	html_table
35139	58894	fabric_services	vendor_datasheet_html	html_table
35140	58894	programming_interfaces	vendor_datasheet_html	html_table
35141	59112	supported_protocols	vendor_datasheet_html	html_table
35142	59112	certifications	vendor_datasheet_html	html_table
35144	66295	certifications	vendor_datasheet_html	html_table
35160	20109	ieee_standards	vendor_datasheet_html	html_table
35161	20109	humidity_storage	vendor_datasheet_html	html_table
35167	19948	certifications	vendor_datasheet_html	html_table
35169	19728	humidity_storage	vendor_datasheet_html	html_table
35179	19879	certifications	vendor_datasheet_html	html_table
35181	19908	humidity_storage	vendor_datasheet_html	html_table
35182	19908	altitude_max	vendor_datasheet_html	html_table
35183	19908	certifications	vendor_datasheet_html	html_table
35639	19218	emc_emissions	vendor_datasheet_html	html_table
35640	19218	emc_immunity	vendor_datasheet_html	html_table
35649	19027	emc_immunity	vendor_datasheet_html	html_table
35650	19340	temp_storage	vendor_datasheet_html	html_table
35652	19340	emc_immunity	vendor_datasheet_html	html_table
35662	71871	certifications	vendor_datasheet_html	html_table
35663	72210	certifications	vendor_datasheet_html	html_table
35658	19665	emc_immunity	vendor_datasheet_html	html_table
35659	19665	temp_storage	vendor_datasheet_html	html_table
35661	19665	emc_immunity	vendor_datasheet_html	html_table
35664	72124	certifications	vendor_datasheet_html	html_table
35665	71872	certifications	vendor_datasheet_html	html_table
35666	72019	certifications	vendor_datasheet_html	html_table
35667	72211	certifications	vendor_datasheet_html	html_table
35756	59164	supported_protocols	vendor_datasheet_html	html_table
35757	59164	fabric_services	vendor_datasheet_html	html_table
35758	59164	programming_interfaces	vendor_datasheet_html	html_table
35759	59165	supported_protocols	vendor_datasheet_html	html_table
35760	59165	fabric_services	vendor_datasheet_html	html_table
35761	59165	programming_interfaces	vendor_datasheet_html	html_table
35762	58961	supported_protocols	vendor_datasheet_html	html_table
35763	58961	fabric_services	vendor_datasheet_html	html_table
35764	58961	programming_interfaces	vendor_datasheet_html	html_table
35765	59089	supported_protocols	vendor_datasheet_html	html_table
35766	59089	fabric_services	vendor_datasheet_html	html_table
35767	59089	programming_interfaces	vendor_datasheet_html	html_table
35768	59091	supported_protocols	vendor_datasheet_html	html_table
35769	59091	fabric_services	vendor_datasheet_html	html_table
35770	59091	programming_interfaces	vendor_datasheet_html	html_table
35771	58815	supported_protocols	vendor_datasheet_html	html_table
35772	58815	fabric_services	vendor_datasheet_html	html_table
35773	58815	programming_interfaces	vendor_datasheet_html	html_table
35774	58934	supported_protocols	vendor_datasheet_html	html_table
35775	58934	fabric_services	vendor_datasheet_html	html_table
35776	58934	programming_interfaces	vendor_datasheet_html	html_table
35777	59219	supported_protocols	vendor_datasheet_html	html_table
35778	59219	fabric_services	vendor_datasheet_html	html_table
35779	59219	programming_interfaces	vendor_datasheet_html	html_table
35982	11385	temp_storage	vendor_datasheet_html	html_table
35916	36818	temp_operating	vendor_datasheet_html	html_table
35918	36818	emc_emissions	vendor_datasheet_html	html_table
35919	36818	emc_immunity	vendor_datasheet_html	html_table
35922	73664	temp_operating	vendor_datasheet_html	html_table
35921	73664	supported_protocols	vendor_datasheet_html	html_table
35923	73664	certifications	vendor_datasheet_html	html_table
35931	73542	emc_immunity	vendor_datasheet_html	html_table
35985	11645	ieee_standards	vendor_datasheet_html	html_table
35986	11645	temp_storage	vendor_datasheet_html	html_table
35988	11645	certifications	vendor_datasheet_html	html_table
35991	11646	etsi_standards	vendor_datasheet_html	html_table
35992	11646	certifications	vendor_datasheet_html	html_table
35989	11646	ieee_standards	vendor_datasheet_html	html_table
35996	11386	certifications	vendor_datasheet_html	html_table
35999	11361	etsi_standards	vendor_datasheet_html	html_table
36000	11361	certifications	vendor_datasheet_html	html_table
35998	11361	temp_storage	vendor_datasheet_html	html_table
38878	43952	programming_interfaces	vendor_datasheet_html	html_table
38645	12432	certifications	vendor_datasheet_html	html_table
38559	19218	temp_storage	vendor_datasheet_html	html_table
38561	19218	emc_immunity	vendor_datasheet_html	html_table
38564	19218	emc_immunity	vendor_datasheet_html	html_table
38568	19027	temp_storage	vendor_datasheet_html	html_table
38570	19027	emc_immunity	vendor_datasheet_html	html_table
38573	19027	emc_immunity	vendor_datasheet_html	html_table
38592	19665	temp_storage	vendor_datasheet_html	html_table
38594	19665	emc_immunity	vendor_datasheet_html	html_table
38597	19665	emc_immunity	vendor_datasheet_html	html_table
38880	43952	temp_operating	vendor_datasheet_html	html_table
38647	12432	certifications	vendor_datasheet_html	html_table
38650	12432	certifications	vendor_datasheet_html	html_table
38653	12432	certifications	vendor_datasheet_html	html_table
38656	12432	certifications	vendor_datasheet_html	html_table
38660	12432	certifications	vendor_datasheet_html	html_table
38662	12432	certifications	vendor_datasheet_html	html_table
38665	12432	certifications	vendor_datasheet_html	html_table
38667	12432	certifications	vendor_datasheet_html	html_table
38680	12658	certifications	vendor_datasheet_html	html_table
38682	12658	certifications	vendor_datasheet_html	html_table
38685	12658	certifications	vendor_datasheet_html	html_table
38688	12658	certifications	vendor_datasheet_html	html_table
38691	12658	certifications	vendor_datasheet_html	html_table
38695	12658	certifications	vendor_datasheet_html	html_table
38697	12658	certifications	vendor_datasheet_html	html_table
38700	12658	certifications	vendor_datasheet_html	html_table
38702	12658	certifications	vendor_datasheet_html	html_table
38738	36349	certifications	vendor_datasheet_html	html_table
38736	36349	certifications	vendor_datasheet_html	html_table
38741	36349	certifications	vendor_datasheet_html	html_table
38744	36349	certifications	vendor_datasheet_html	html_table
38747	36349	certifications	vendor_datasheet_html	html_table
38751	36349	certifications	vendor_datasheet_html	html_table
38753	36349	certifications	vendor_datasheet_html	html_table
38756	36349	certifications	vendor_datasheet_html	html_table
38758	36349	certifications	vendor_datasheet_html	html_table
38781	71871	ieee_standards	vendor_datasheet_html	html_table
38782	71871	certifications	vendor_datasheet_html	html_table
38819	72210	ieee_standards	vendor_datasheet_html	html_table
38820	72210	certifications	vendor_datasheet_html	html_table
38821	72124	ieee_standards	vendor_datasheet_html	html_table
38822	72124	certifications	vendor_datasheet_html	html_table
38823	71872	ieee_standards	vendor_datasheet_html	html_table
38824	71872	certifications	vendor_datasheet_html	html_table
38825	72019	ieee_standards	vendor_datasheet_html	html_table
38826	72019	certifications	vendor_datasheet_html	html_table
38827	72211	ieee_standards	vendor_datasheet_html	html_table
38828	72211	certifications	vendor_datasheet_html	html_table
38881	43952	temp_storage	vendor_datasheet_html	html_table
38875	43952	certifications	vendor_datasheet_html	html_table
38882	43952	shock	vendor_datasheet_html	html_table
38883	43952	ieee_standards	vendor_datasheet_html	html_table
38884	43952	rfc_compliance	vendor_datasheet_html	html_table
39093	72120	certifications	vendor_datasheet_html	html_table
39096	72120	certifications	vendor_datasheet_html	html_table
39315	59064	diagnostics	vendor_datasheet_html	html_table
39313	59064	supported_protocols	vendor_datasheet_html	html_table
39316	59064	certifications	vendor_datasheet_html	html_table
39323	58938	diagnostics	vendor_datasheet_html	html_table
39324	58938	certifications	vendor_datasheet_html	html_table
39548	90941	supported_protocols	vendor_datasheet_html	html_table
39549	90941	segment_routing_features	vendor_datasheet_html	html_table
39550	90941	qos_features	vendor_datasheet_html	html_table
39551	90941	programming_interfaces	vendor_datasheet_html	html_table
39556	90941	supported_protocols	vendor_datasheet_html	html_table
39557	90941	qos_features	vendor_datasheet_html	html_table
39560	91075	supported_protocols	vendor_datasheet_html	html_table
39561	91075	segment_routing_features	vendor_datasheet_html	html_table
39562	91075	qos_features	vendor_datasheet_html	html_table
39566	91075	emc_immunity	vendor_datasheet_html	html_table
39567	91075	supported_protocols	vendor_datasheet_html	html_table
39568	91075	segment_routing_features	vendor_datasheet_html	html_table
39569	91075	qos_features	vendor_datasheet_html	html_table
39570	91075	programming_interfaces	vendor_datasheet_html	html_table
39572	91075	certifications	vendor_datasheet_html	html_table
39573	91075	emc_immunity	vendor_datasheet_html	html_table
39577	91075	altitude_max	vendor_datasheet_html	html_table
39581	91075	certifications	vendor_datasheet_html	html_table
39582	91075	emc_immunity	vendor_datasheet_html	html_table
39583	91075	emc_immunity	vendor_datasheet_html	html_table
39584	90960	supported_protocols	vendor_datasheet_html	html_table
39585	90960	segment_routing_features	vendor_datasheet_html	html_table
39586	90960	qos_features	vendor_datasheet_html	html_table
39587	90960	programming_interfaces	vendor_datasheet_html	html_table
39592	90960	supported_protocols	vendor_datasheet_html	html_table
39593	90960	qos_features	vendor_datasheet_html	html_table
39596	91038	supported_protocols	vendor_datasheet_html	html_table
39597	91038	segment_routing_features	vendor_datasheet_html	html_table
39598	91038	qos_features	vendor_datasheet_html	html_table
39602	91038	emc_immunity	vendor_datasheet_html	html_table
39603	91038	supported_protocols	vendor_datasheet_html	html_table
39604	91038	segment_routing_features	vendor_datasheet_html	html_table
39605	91038	qos_features	vendor_datasheet_html	html_table
39606	91038	programming_interfaces	vendor_datasheet_html	html_table
39608	91038	certifications	vendor_datasheet_html	html_table
39609	91038	emc_immunity	vendor_datasheet_html	html_table
39613	91038	altitude_max	vendor_datasheet_html	html_table
39617	91038	certifications	vendor_datasheet_html	html_table
39618	91038	emc_immunity	vendor_datasheet_html	html_table
39619	91038	emc_immunity	vendor_datasheet_html	html_table
39832	72254	certifications	vendor_datasheet_html	html_table
39836	72649	certifications	vendor_datasheet_html	html_table
39840	72493	certifications	vendor_datasheet_html	html_table
40565	61263	snmp_mibs	vendor_datasheet_html	html_table
40566	61263	ieee_standards	vendor_datasheet_html	html_table
40567	61263	emc_immunity	vendor_datasheet_html	html_table
40568	61263	supported_protocols	vendor_datasheet_html	html_table
40569	61263	qos_features	vendor_datasheet_html	html_table
40570	61263	supported_protocols	vendor_datasheet_html	html_table
40598	61322	supported_protocols	vendor_datasheet_html	html_table
40599	61322	qos_features	vendor_datasheet_html	html_table
40601	61322	ieee_standards	vendor_datasheet_html	html_table
40603	61322	emc_immunity	vendor_datasheet_html	html_table
41851	61336	emc_immunity	vendor_datasheet_html	html_table
41648	91008	emc_immunity	vendor_datasheet_html	html_table
41656	90860	emc_immunity	vendor_datasheet_html	html_table
41664	91076	emc_immunity	vendor_datasheet_html	html_table
41687	90991	emc_immunity	vendor_datasheet_html	html_table
41695	90942	emc_immunity	vendor_datasheet_html	html_table
41703	90914	emc_immunity	vendor_datasheet_html	html_table
41665	91020	supported_protocols	vendor_datasheet_html	html_table
41666	91020	segment_routing_features	vendor_datasheet_html	html_table
41707	91009	programming_interfaces	vendor_datasheet_html	html_table
41667	91020	qos_features	vendor_datasheet_html	html_table
41668	91020	programming_interfaces	vendor_datasheet_html	html_table
41671	91020	certifications	vendor_datasheet_html	html_table
41675	91020	altitude_max	vendor_datasheet_html	html_table
41704	91009	supported_protocols	vendor_datasheet_html	html_table
41705	91009	segment_routing_features	vendor_datasheet_html	html_table
41706	91009	qos_features	vendor_datasheet_html	html_table
41710	91009	certifications	vendor_datasheet_html	html_table
41714	91009	altitude_max	vendor_datasheet_html	html_table
41887	59139	supported_protocols	vendor_datasheet_html	html_table
41888	59139	programming_interfaces	vendor_datasheet_html	html_table
41889	59139	certifications	vendor_datasheet_html	html_table
41890	59217	supported_protocols	vendor_datasheet_html	html_table
41891	59217	programming_interfaces	vendor_datasheet_html	html_table
41892	59217	certifications	vendor_datasheet_html	html_table
42515	22628	temp_operating	vendor_datasheet_html	html_table
42516	22628	temp_storage	vendor_datasheet_html	html_table
42517	22628	humidity_storage	vendor_datasheet_html	html_table
42815	11542	ieee_standards	vendor_datasheet_html	html_table
42816	11542	temp_operating	vendor_datasheet_html	html_table
42817	11542	certifications	vendor_datasheet_html	html_table
9514	20109	ieee_standards	vendor_datasheet_html	html_table
9518	19948	ieee_standards	vendor_datasheet_html	html_table
9521	19948	altitude_max	vendor_datasheet_html	html_table
9522	19728	ieee_standards	vendor_datasheet_html	html_table
9525	19728	altitude_max	vendor_datasheet_html	html_table
9530	19879	ieee_standards	vendor_datasheet_html	html_table
9533	19879	altitude_max	vendor_datasheet_html	html_table
9534	19908	ieee_standards	vendor_datasheet_html	html_table
13388	11385	temp_storage	vendor_datasheet_html	html_table
13393	11645	temp_storage	vendor_datasheet_html	html_table
13408	11361	temp_storage	vendor_datasheet_html	html_table
20962	43952	supported_protocols	vendor_datasheet_html	html_table
26471	22628	temp_operating	vendor_datasheet_html	html_table
26472	22628	altitude_max	vendor_datasheet_html	html_table
30125	66818	emc_emissions	vendor_datasheet_html	html_table
30240	61263	emc_emissions	vendor_datasheet_html	html_table
30242	61263	emc_emissions	vendor_datasheet_html	html_table
30244	61263	snmp_mibs	vendor_datasheet_html	html_table
30245	61263	ieee_standards	vendor_datasheet_html	html_table
30246	61263	emc_emissions	vendor_datasheet_html	html_table
30400	65878	certifications	vendor_datasheet_html	html_table
30402	66295	certifications	vendor_datasheet_html	html_table
30599	20109	ieee_standards	vendor_datasheet_html	html_table
30600	20109	humidity_storage	vendor_datasheet_html	html_table
30601	20109	altitude_max	vendor_datasheet_html	html_table
30603	19948	ieee_standards	vendor_datasheet_html	html_table
30606	19948	certifications	vendor_datasheet_html	html_table
30607	19728	ieee_standards	vendor_datasheet_html	html_table
30609	19728	altitude_max	vendor_datasheet_html	html_table
30610	19728	certifications	vendor_datasheet_html	html_table
30611	19842	ieee_standards	vendor_datasheet_html	html_table
30615	19879	ieee_standards	vendor_datasheet_html	html_table
30619	19908	ieee_standards	vendor_datasheet_html	html_table
30622	19908	certifications	vendor_datasheet_html	html_table
31146	19218	emc_emissions	vendor_datasheet_html	html_table
31147	19218	emc_immunity	vendor_datasheet_html	html_table
31150	19218	emc_immunity	vendor_datasheet_html	html_table
31151	19027	temp_storage	vendor_datasheet_html	html_table
31152	19027	emc_emissions	vendor_datasheet_html	html_table
31155	19027	emc_emissions	vendor_datasheet_html	html_table
31157	19340	temp_storage	vendor_datasheet_html	html_table
31158	19340	emc_emissions	vendor_datasheet_html	html_table
31161	19340	emc_emissions	vendor_datasheet_html	html_table
31162	19340	emc_immunity	vendor_datasheet_html	html_table
31163	19665	temp_storage	vendor_datasheet_html	html_table
31164	19665	emc_emissions	vendor_datasheet_html	html_table
31167	19665	emc_emissions	vendor_datasheet_html	html_table
31168	19665	emc_immunity	vendor_datasheet_html	html_table
32283	62409	emc_emissions	vendor_datasheet_html	html_table
32581	36818	qos_features	vendor_datasheet_html	html_table
32582	36818	supported_protocols	vendor_datasheet_html	html_table
32584	36818	certifications	vendor_datasheet_html	html_table
32587	73664	qos_features	vendor_datasheet_html	html_table
32588	73664	supported_protocols	vendor_datasheet_html	html_table
32590	73664	certifications	vendor_datasheet_html	html_table
32591	73664	emc_emissions	vendor_datasheet_html	html_table
32592	73664	emc_immunity	vendor_datasheet_html	html_table
32593	73542	qos_features	vendor_datasheet_html	html_table
32596	73542	certifications	vendor_datasheet_html	html_table
32598	73542	emc_immunity	vendor_datasheet_html	html_table
32661	90062	certifications	vendor_datasheet_html	html_table
33264	11385	ieee_standards	vendor_datasheet_html	html_table
33268	11645	ieee_standards	vendor_datasheet_html	html_table
33269	11645	temp_storage	vendor_datasheet_html	html_table
33273	11646	temp_storage	vendor_datasheet_html	html_table
33277	11386	temp_storage	vendor_datasheet_html	html_table
33280	11361	ieee_standards	vendor_datasheet_html	html_table
35165	19948	humidity_storage	vendor_datasheet_html	html_table
35166	19948	altitude_max	vendor_datasheet_html	html_table
35104	61263	emc_emissions	vendor_datasheet_html	html_table
35106	61263	emc_emissions	vendor_datasheet_html	html_table
35109	61263	ieee_standards	vendor_datasheet_html	html_table
35143	65878	certifications	vendor_datasheet_html	html_table
35162	20109	altitude_max	vendor_datasheet_html	html_table
35163	20109	certifications	vendor_datasheet_html	html_table
35164	19948	ieee_standards	vendor_datasheet_html	html_table
35168	19728	ieee_standards	vendor_datasheet_html	html_table
35170	19728	altitude_max	vendor_datasheet_html	html_table
35171	19728	certifications	vendor_datasheet_html	html_table
35172	19842	ieee_standards	vendor_datasheet_html	html_table
35175	19842	certifications	vendor_datasheet_html	html_table
35176	19879	ieee_standards	vendor_datasheet_html	html_table
35180	19908	ieee_standards	vendor_datasheet_html	html_table
35656	19665	temp_storage	vendor_datasheet_html	html_table
35882	62409	emc_immunity	vendor_datasheet_html	html_table
35638	19218	temp_storage	vendor_datasheet_html	html_table
35641	19218	temp_storage	vendor_datasheet_html	html_table
35642	19218	emc_emissions	vendor_datasheet_html	html_table
35643	19218	emc_immunity	vendor_datasheet_html	html_table
35644	19027	temp_storage	vendor_datasheet_html	html_table
35645	19027	emc_emissions	vendor_datasheet_html	html_table
35646	19027	emc_immunity	vendor_datasheet_html	html_table
35647	19027	temp_storage	vendor_datasheet_html	html_table
35648	19027	emc_emissions	vendor_datasheet_html	html_table
35651	19340	emc_emissions	vendor_datasheet_html	html_table
35653	19340	temp_storage	vendor_datasheet_html	html_table
35654	19340	emc_emissions	vendor_datasheet_html	html_table
35655	19340	emc_immunity	vendor_datasheet_html	html_table
35657	19665	emc_emissions	vendor_datasheet_html	html_table
35660	19665	emc_emissions	vendor_datasheet_html	html_table
35917	36818	certifications	vendor_datasheet_html	html_table
35881	62409	emc_emissions	vendor_datasheet_html	html_table
35914	36818	qos_features	vendor_datasheet_html	html_table
35915	36818	supported_protocols	vendor_datasheet_html	html_table
35920	73664	qos_features	vendor_datasheet_html	html_table
35924	73664	emc_emissions	vendor_datasheet_html	html_table
35925	73664	emc_immunity	vendor_datasheet_html	html_table
35926	73542	qos_features	vendor_datasheet_html	html_table
35927	73542	supported_protocols	vendor_datasheet_html	html_table
35929	73542	certifications	vendor_datasheet_html	html_table
35930	73542	emc_emissions	vendor_datasheet_html	html_table
35936	90062	certifications	vendor_datasheet_html	html_table
35981	11385	ieee_standards	vendor_datasheet_html	html_table
35990	11646	temp_storage	vendor_datasheet_html	html_table
35993	11386	ieee_standards	vendor_datasheet_html	html_table
35994	11386	temp_storage	vendor_datasheet_html	html_table
35997	11361	ieee_standards	vendor_datasheet_html	html_table
38560	19218	emc_emissions	vendor_datasheet_html	html_table
38562	19218	temp_storage	vendor_datasheet_html	html_table
38563	19218	emc_emissions	vendor_datasheet_html	html_table
38569	19027	emc_emissions	vendor_datasheet_html	html_table
38571	19027	temp_storage	vendor_datasheet_html	html_table
38572	19027	emc_emissions	vendor_datasheet_html	html_table
38583	19340	temp_storage	vendor_datasheet_html	html_table
38584	19340	emc_emissions	vendor_datasheet_html	html_table
38585	19340	emc_immunity	vendor_datasheet_html	html_table
38586	19340	temp_storage	vendor_datasheet_html	html_table
38587	19340	emc_emissions	vendor_datasheet_html	html_table
38588	19340	emc_immunity	vendor_datasheet_html	html_table
38593	19665	emc_emissions	vendor_datasheet_html	html_table
38595	19665	temp_storage	vendor_datasheet_html	html_table
38596	19665	emc_emissions	vendor_datasheet_html	html_table
40602	61322	emc_emissions	vendor_datasheet_html	html_table
39314	59064	fabric_services	vendor_datasheet_html	html_table
903	12432	temp_storage	vendor_datasheet_html	html_table
904	12432	certifications	vendor_datasheet_html	html_table
909	12658	temp_storage	vendor_datasheet_html	html_table
910	12658	certifications	vendor_datasheet_html	html_table
915	36349	temp_storage	vendor_datasheet_html	html_table
916	36349	certifications	vendor_datasheet_html	html_table
921	72120	temp_storage	vendor_datasheet_html	html_table
922	72120	certifications	vendor_datasheet_html	html_table
1022	71871	certifications	vendor_datasheet_html	html_table
1025	72210	temp_storage	vendor_datasheet_html	html_table
1026	72210	certifications	vendor_datasheet_html	html_table
1027	72124	temp_storage	vendor_datasheet_html	html_table
1028	72124	certifications	vendor_datasheet_html	html_table
1029	71872	temp_storage	vendor_datasheet_html	html_table
1030	71872	certifications	vendor_datasheet_html	html_table
1031	72019	temp_storage	vendor_datasheet_html	html_table
1032	72019	certifications	vendor_datasheet_html	html_table
1033	72211	temp_storage	vendor_datasheet_html	html_table
1034	72211	certifications	vendor_datasheet_html	html_table
1094	72254	certifications	vendor_datasheet_html	html_table
1095	72649	certifications	vendor_datasheet_html	html_table
1096	72493	certifications	vendor_datasheet_html	html_table
1553	36349	temp_storage	vendor_datasheet_html	html_table
1554	36349	certifications	vendor_datasheet_html	html_table
1559	72120	temp_storage	vendor_datasheet_html	html_table
1560	72120	certifications	vendor_datasheet_html	html_table
1679	71871	temp_storage	vendor_datasheet_html	html_table
1680	71871	certifications	vendor_datasheet_html	html_table
1683	72210	temp_storage	vendor_datasheet_html	html_table
1684	72210	certifications	vendor_datasheet_html	html_table
1685	72124	temp_storage	vendor_datasheet_html	html_table
1686	72124	certifications	vendor_datasheet_html	html_table
1687	71872	temp_storage	vendor_datasheet_html	html_table
1688	71872	certifications	vendor_datasheet_html	html_table
1689	72019	temp_storage	vendor_datasheet_html	html_table
1690	72019	certifications	vendor_datasheet_html	html_table
1691	72211	temp_storage	vendor_datasheet_html	html_table
1692	72211	certifications	vendor_datasheet_html	html_table
1827	72254	certifications	vendor_datasheet_html	html_table
1828	72649	certifications	vendor_datasheet_html	html_table
1829	72493	certifications	vendor_datasheet_html	html_table
1879	65878	certifications	vendor_datasheet_html	html_table
1880	66295	certifications	vendor_datasheet_html	html_table
7391	12432	temp_storage	vendor_datasheet_html	html_table
7392	12432	certifications	vendor_datasheet_html	html_table
7394	12432	certifications	vendor_datasheet_html	html_table
7398	12432	temp_storage	vendor_datasheet_html	html_table
7399	12432	certifications	vendor_datasheet_html	html_table
7402	12432	temp_storage	vendor_datasheet_html	html_table
7403	12432	certifications	vendor_datasheet_html	html_table
7405	12432	temp_storage	vendor_datasheet_html	html_table
7406	12432	certifications	vendor_datasheet_html	html_table
7408	12432	temp_storage	vendor_datasheet_html	html_table
7409	12432	certifications	vendor_datasheet_html	html_table
7413	12432	certifications	vendor_datasheet_html	html_table
7478	12658	temp_storage	vendor_datasheet_html	html_table
7480	12658	certifications	vendor_datasheet_html	html_table
7482	12658	certifications	vendor_datasheet_html	html_table
7486	12658	temp_storage	vendor_datasheet_html	html_table
7487	12658	certifications	vendor_datasheet_html	html_table
7490	12658	temp_storage	vendor_datasheet_html	html_table
7491	12658	certifications	vendor_datasheet_html	html_table
7493	12658	temp_storage	vendor_datasheet_html	html_table
7494	12658	certifications	vendor_datasheet_html	html_table
7496	12658	temp_storage	vendor_datasheet_html	html_table
7497	12658	certifications	vendor_datasheet_html	html_table
7501	12658	certifications	vendor_datasheet_html	html_table
7566	36349	temp_storage	vendor_datasheet_html	html_table
7567	36349	certifications	vendor_datasheet_html	html_table
7569	36349	certifications	vendor_datasheet_html	html_table
7573	36349	temp_storage	vendor_datasheet_html	html_table
7574	36349	certifications	vendor_datasheet_html	html_table
7577	36349	temp_storage	vendor_datasheet_html	html_table
7578	36349	certifications	vendor_datasheet_html	html_table
7580	36349	temp_storage	vendor_datasheet_html	html_table
7581	36349	certifications	vendor_datasheet_html	html_table
7583	36349	temp_storage	vendor_datasheet_html	html_table
7584	36349	certifications	vendor_datasheet_html	html_table
7588	36349	certifications	vendor_datasheet_html	html_table
7739	11606	ieee_standards	vendor_datasheet_html	html_table
7740	11606	certifications	vendor_datasheet_html	html_table
7741	11606	temp_operating	vendor_datasheet_html	html_table
7742	11606	temp_storage	vendor_datasheet_html	html_table
7748	11542	ieee_standards	vendor_datasheet_html	html_table
7749	11542	certifications	vendor_datasheet_html	html_table
7750	11542	temp_operating	vendor_datasheet_html	html_table
7751	11542	temp_storage	vendor_datasheet_html	html_table
7818	72120	certifications	vendor_datasheet_html	html_table
7824	72120	certifications	vendor_datasheet_html	html_table
8172	63154	supported_protocols	vendor_datasheet_html	html_table
8173	63154	certifications	vendor_datasheet_html	html_table
8180	62884	supported_protocols	vendor_datasheet_html	html_table
8181	62884	qos_features	vendor_datasheet_html	html_table
8182	62884	certifications	vendor_datasheet_html	html_table
8185	63289	supported_protocols	vendor_datasheet_html	html_table
8186	63289	qos_features	vendor_datasheet_html	html_table
8187	63289	certifications	vendor_datasheet_html	html_table
8223	66818	emc_emissions	vendor_datasheet_html	html_table
8260	61263	supported_protocols	vendor_datasheet_html	html_table
8261	61263	qos_features	vendor_datasheet_html	html_table
8262	61263	snmp_mibs	vendor_datasheet_html	html_table
8263	61263	ieee_standards	vendor_datasheet_html	html_table
8264	61263	emc_immunity	vendor_datasheet_html	html_table
8265	61263	snmp_mibs	vendor_datasheet_html	html_table
8266	61263	ieee_standards	vendor_datasheet_html	html_table
8625	59139	supported_protocols	vendor_datasheet_html	html_table
8626	59139	fabric_services	vendor_datasheet_html	html_table
8627	59139	programming_interfaces	vendor_datasheet_html	html_table
8628	59139	certifications	vendor_datasheet_html	html_table
8632	59139	programming_interfaces	vendor_datasheet_html	html_table
8634	59217	supported_protocols	vendor_datasheet_html	html_table
8635	59217	fabric_services	vendor_datasheet_html	html_table
8636	59217	programming_interfaces	vendor_datasheet_html	html_table
8637	59217	certifications	vendor_datasheet_html	html_table
8641	59217	supported_protocols	vendor_datasheet_html	html_table
8642	59217	fabric_services	vendor_datasheet_html	html_table
8643	59217	programming_interfaces	vendor_datasheet_html	html_table
8644	59217	certifications	vendor_datasheet_html	html_table
8645	59217	programming_interfaces	vendor_datasheet_html	html_table
8647	58960	supported_protocols	vendor_datasheet_html	html_table
8648	58960	fabric_services	vendor_datasheet_html	html_table
8649	58960	programming_interfaces	vendor_datasheet_html	html_table
8650	58960	certifications	vendor_datasheet_html	html_table
8654	58960	programming_interfaces	vendor_datasheet_html	html_table
8656	58894	supported_protocols	vendor_datasheet_html	html_table
8657	58894	fabric_services	vendor_datasheet_html	html_table
8658	58894	programming_interfaces	vendor_datasheet_html	html_table
8659	58894	certifications	vendor_datasheet_html	html_table
8663	58894	supported_protocols	vendor_datasheet_html	html_table
8664	58894	fabric_services	vendor_datasheet_html	html_table
8665	58894	programming_interfaces	vendor_datasheet_html	html_table
8666	58894	certifications	vendor_datasheet_html	html_table
8667	58894	programming_interfaces	vendor_datasheet_html	html_table
8836	65878	certifications	vendor_datasheet_html	html_table
8837	66295	certifications	vendor_datasheet_html	html_table
9516	20109	humidity_storage	vendor_datasheet_html	html_table
9520	19948	humidity_storage	vendor_datasheet_html	html_table
9517	20109	altitude_max	vendor_datasheet_html	html_table
9524	19728	humidity_storage	vendor_datasheet_html	html_table
9528	19842	humidity_storage	vendor_datasheet_html	html_table
9532	19879	humidity_storage	vendor_datasheet_html	html_table
9526	19842	ieee_standards	vendor_datasheet_html	html_table
9529	19842	altitude_max	vendor_datasheet_html	html_table
9536	19908	humidity_storage	vendor_datasheet_html	html_table
32589	73664	temp_operating	vendor_datasheet_html	html_table
10513	71871	humidity_storage	vendor_datasheet_html	html_table
10515	71871	temp_storage	vendor_datasheet_html	html_table
10516	71871	certifications	vendor_datasheet_html	html_table
10521	72210	humidity_storage	vendor_datasheet_html	html_table
10523	72210	temp_storage	vendor_datasheet_html	html_table
10524	72210	certifications	vendor_datasheet_html	html_table
10525	72124	humidity_storage	vendor_datasheet_html	html_table
10527	72124	temp_storage	vendor_datasheet_html	html_table
10528	72124	certifications	vendor_datasheet_html	html_table
10529	71872	humidity_storage	vendor_datasheet_html	html_table
10539	72211	temp_storage	vendor_datasheet_html	html_table
10531	71872	temp_storage	vendor_datasheet_html	html_table
10532	71872	certifications	vendor_datasheet_html	html_table
10533	72019	humidity_storage	vendor_datasheet_html	html_table
10535	72019	temp_storage	vendor_datasheet_html	html_table
10536	72019	certifications	vendor_datasheet_html	html_table
10537	72211	humidity_storage	vendor_datasheet_html	html_table
10540	72211	certifications	vendor_datasheet_html	html_table
11182	32734	programming_interfaces	vendor_datasheet_html	html_table
11187	33148	programming_interfaces	vendor_datasheet_html	html_table
