fact_id	sku	field	action	value
183068	C881G-4G	lan_interfaces	keep (ports conversion)	["4-port 10/100-Mbps managed switch With 2-port Power over Ethernet  (PoE) option"]
183070	C896VAG-LTE	lan_interfaces	keep (ports conversion)	["8-port 10/100/ 1000-Mbps managed switch With 4-port Power over Ethernet (PoE) option"]
183065	C897VAG-LTE	lan_interfaces	keep (ports conversion)	["8-port 10/100/ 1000-Mbps managed switch With 4-port Power over Ethernet (PoE) option"]
183069	C897VAGW-LTE	lan_interfaces	keep (ports conversion)	["8-port 10/100/ 1000-Mbps managed switch With 4-port Power over Ethernet (PoE) option"]
183067	C898EAG-LTE	lan_interfaces	keep (ports conversion)	["8-port 10/100/ 1000-Mbps managed switch With 4-port Power over Ethernet (PoE) option"]
183066	C899G-LTE	lan_interfaces	keep (ports conversion)	["8-port 10/100/ 1000-Mbps managed switch With 4-port Power over Ethernet (PoE) option"]
183075	C921-4P	lan_interfaces	keep (ports conversion)	["4-port GE managed switch"]
183072	C921J-4P	lan_interfaces	keep (ports conversion)	["4-port 10/100/1000-Mbps managed switch"]
183076	C926-4P	lan_interfaces	keep (ports conversion)	["4-port GE managed switch"]
183073	C927-4P	lan_interfaces	keep (ports conversion)	["4-port GE managed switch"]
183074	C927-4PM	lan_interfaces	keep (ports conversion)	["4-port GE managed switch"]
183071	C931-4P	lan_interfaces	keep (ports conversion)	["4-port GE managed switch"]
183077	MX75	lan_interfaces	keep (ports conversion)	["10 x Dedicated 1 Gigabit Ethernet RJ45"]
183078	MX85	lan_interfaces	keep (ports conversion)	["8 x Dedicated 1 Gigabit Ethernet RJ45 2 x Dedicated 1 Gigabit Ethernet SFP"]
178798	C881G-4G	wan_interfaces	keep (ports conversion)	["10/100-Mbps Fast Ethernet"]
178800	C896VAG-LTE	wan_interfaces	retract	["1 port Gigabit Ethernet or 1 port SFP VDSL/ADSL2+ Annex B"]
178795	C897VAG-LTE	wan_interfaces	retract	["1 port Gigabit Ethernet or 1 port SFP VDSL/ADSL2+ Annex A/M"]
178799	C897VAGW-LTE	wan_interfaces	retract	["1 port Gigabit Ethernet or 1 port SFP VDSL/ADSL2+ Annex A/M"]
178797	C898EAG-LTE	wan_interfaces	retract	["1 port Gigabit Ethernet or 1 port SFP 4 pair Ethernet in the first mile (EFM)"]
178796	C899G-LTE	wan_interfaces	retract	["1 port Gigabit Ethernet or 1 port SFP 1 port Gigabit Ethernet"]
178805	C921-4P	wan_interfaces	keep (ports conversion)	["2 ports Gigabit Ethernet (GE)"]
178802	C921J-4P	wan_interfaces	keep (ports conversion)	["2 ports Gigabit Ethernet (GE)"]
178806	C926-4P	wan_interfaces	keep (ports conversion)	["1 port GE","1 VADSL (Annex B/J)"]
178803	C927-4P	wan_interfaces	keep (ports conversion)	["1 port GE","1 VADSL (Annex A)"]
178804	C927-4PM	wan_interfaces	keep (ports conversion)	["1 port GE","1 VADSL (Annex M)"]
178801	C931-4P	wan_interfaces	keep (ports conversion)	["2 ports Gigabit Ethernet (GE)"]
178807	MX75	wan_interfaces	keep (ports conversion)	["1 x Dedicated 1 Gigabit Ethernet SFP 2 x Dedicated 1 Gigabit Ethernet RJ45"]
178808	MX85	wan_interfaces	keep (ports conversion)	["2x Dedicated 1 Gigabit Ethernet SFP 2x Dedicated 1 Gigabit Ethernet RJ45"]
